tp_vxo,tp_stu,year,hour,t_sla,time
9.7,11,1994,0,12.8,"01-Oct-1994 00:00:00"
9,11,1994,1,12.8,"01-Oct-1994 01:00:00"
8.3,10.7,1994,2,12.5,"01-Oct-1994 02:00:00"
7.7,10.3,1994,3,10.7,"01-Oct-1994 03:00:00"
7,10,1994,4,8.7,"01-Oct-1994 04:00:00"
6.7,9.7,1994,5,8.2,"01-Oct-1994 05:00:00"
6.3,9.3,1994,6,9,"01-Oct-1994 06:00:00"
6,9,1994,7,9.7,"01-Oct-1994 07:00:00"
6.7,10,1994,8,10,"01-Oct-1994 08:00:00"
7.3,11,1994,9,10.5,"01-Oct-1994 09:00:00"
8,12,1994,10,11,"01-Oct-1994 10:00:00"
8.7,12,1994,11,11.2,"01-Oct-1994 11:00:00"
9.3,12,1994,12,11.4,"01-Oct-1994 12:00:00"
10,12,1994,13,11.2,"01-Oct-1994 13:00:00"
10,11.7,1994,14,11,"01-Oct-1994 14:00:00"
10,11.3,1994,15,10.4,"01-Oct-1994 15:00:00"
10,11,1994,16,9.3,"01-Oct-1994 16:00:00"
9.3,10.7,1994,17,8,"01-Oct-1994 17:00:00"
8.7,10.3,1994,18,7.9,"01-Oct-1994 18:00:00"
8,10,1994,19,7.4,"01-Oct-1994 19:00:00"
7,9,1994,20,6.7,"01-Oct-1994 20:00:00"
6,8,1994,21,6.3,"01-Oct-1994 21:00:00"
5,7,1994,22,6.2,"01-Oct-1994 22:00:00"
4,6.3,1994,23,6.1,"01-Oct-1994 23:00:00"
3,5.7,1994,0,6,"02-Oct-1994 00:00:00"
2,5,1994,1,5.8,"02-Oct-1994 01:00:00"
1.3,4.7,1994,2,5.4,"02-Oct-1994 02:00:00"
0.7,4.3,1994,3,5,"02-Oct-1994 03:00:00"
0,4,1994,4,5.4,"02-Oct-1994 04:00:00"
1,4.7,1994,5,6.9,"02-Oct-1994 05:00:00"
2,5.3,1994,6,7.6,"02-Oct-1994 06:00:00"
3,6,1994,7,8.6,"02-Oct-1994 07:00:00"
4.3,7,1994,8,9.6,"02-Oct-1994 08:00:00"
5.7,8,1994,9,10,"02-Oct-1994 09:00:00"
7,9,1994,10,10,"02-Oct-1994 10:00:00"
8,9.7,1994,11,10.2,"02-Oct-1994 11:00:00"
9,10.3,1994,12,10.1,"02-Oct-1994 12:00:00"
10,11,1994,13,10.4,"02-Oct-1994 13:00:00"
9.7,10.7,1994,14,10.3,"02-Oct-1994 14:00:00"
9.3,10.3,1994,15,10.1,"02-Oct-1994 15:00:00"
9,10,1994,16,10.1,"02-Oct-1994 16:00:00"
7.7,10,1994,17,10.4,"02-Oct-1994 17:00:00"
6.3,10,1994,18,10.5,"02-Oct-1994 18:00:00"
5,10,1994,19,11,"02-Oct-1994 19:00:00"
5.3,10,1994,20,11.5,"02-Oct-1994 20:00:00"
5.7,10,1994,21,11.5,"02-Oct-1994 21:00:00"
6,10,1994,22,11.8,"02-Oct-1994 22:00:00"
6.7,10.3,1994,23,11.9,"02-Oct-1994 23:00:00"
7.3,10.7,1994,0,12,"03-Oct-1994 00:00:00"
8,11,1994,1,12.1,"03-Oct-1994 01:00:00"
8.3,11,1994,2,11.9,"03-Oct-1994 02:00:00"
8.7,11,1994,3,11.9,"03-Oct-1994 03:00:00"
9,11,1994,4,11.9,"03-Oct-1994 04:00:00"
9.3,11.3,1994,5,12,"03-Oct-1994 05:00:00"
9.7,11.7,1994,6,12.3,"03-Oct-1994 06:00:00"
10,12,1994,7,12.3,"03-Oct-1994 07:00:00"
10,11.3,1994,8,9.7,"03-Oct-1994 08:00:00"
10,10.7,1994,9,8.7,"03-Oct-1994 09:00:00"
10,10,1994,10,9.3,"03-Oct-1994 10:00:00"
10,10.3,1994,11,9,"03-Oct-1994 11:00:00"
10,10.7,1994,12,8.9,"03-Oct-1994 12:00:00"
10,11,1994,13,8.9,"03-Oct-1994 13:00:00"
9.7,10.7,1994,14,8.5,"03-Oct-1994 14:00:00"
9.3,10.3,1994,15,7.1,"03-Oct-1994 15:00:00"
9,10,1994,16,6.4,"03-Oct-1994 16:00:00"
8,9.3,1994,17,5.6,"03-Oct-1994 17:00:00"
7,8.7,1994,18,5.8,"03-Oct-1994 18:00:00"
6,8,1994,19,4.7,"03-Oct-1994 19:00:00"
4,6.3,1994,20,4.7,"03-Oct-1994 20:00:00"
2,4.7,1994,21,4.9,"03-Oct-1994 21:00:00"
0,3,1994,22,4.8,"03-Oct-1994 22:00:00"
-0.7,2.7,1994,23,4.55,"03-Oct-1994 23:00:00"
-1.3,2.3,1994,0,4.3,"04-Oct-1994 00:00:00"
-2,2,1994,1,4.3,"04-Oct-1994 01:00:00"
-2,2,1994,2,4.1,"04-Oct-1994 02:00:00"
-2,2,1994,3,3.3,"04-Oct-1994 03:00:00"
-2,2,1994,4,3.3,"04-Oct-1994 04:00:00"
-2,2.3,1994,5,3.6,"04-Oct-1994 05:00:00"
-2,2.7,1994,6,5.5,"04-Oct-1994 06:00:00"
-2,3,1994,7,6.8,"04-Oct-1994 07:00:00"
-0.7,4.3,1994,8,7.5,"04-Oct-1994 08:00:00"
0.7,5.7,1994,9,8,"04-Oct-1994 09:00:00"
2,7,1994,10,8.5,"04-Oct-1994 10:00:00"
3.3,7.7,1994,11,9,"04-Oct-1994 11:00:00"
4.7,8.3,1994,12,8.9,"04-Oct-1994 12:00:00"
6,9,1994,13,8.4,"04-Oct-1994 13:00:00"
5.7,8,1994,14,7.2,"04-Oct-1994 14:00:00"
5.3,7,1994,15,6,"04-Oct-1994 15:00:00"
5,6,1994,16,5.4,"04-Oct-1994 16:00:00"
3.7,5.3,1994,17,5.3,"04-Oct-1994 17:00:00"
2.3,4.7,1994,18,5.4,"04-Oct-1994 18:00:00"
1,4,1994,19,5.1,"04-Oct-1994 19:00:00"
0.7,3.7,1994,20,5,"04-Oct-1994 20:00:00"
0.3,3.3,1994,21,5.1,"04-Oct-1994 21:00:00"
0,3,1994,22,4.8,"04-Oct-1994 22:00:00"
-0.3,2.7,1994,23,4.75,"04-Oct-1994 23:00:00"
-0.7,2.3,1994,0,4.7,"05-Oct-1994 00:00:00"
-1,2,1994,1,4.8,"05-Oct-1994 01:00:00"
-1.3,2.7,1994,2,4.6,"05-Oct-1994 02:00:00"
-1.7,3.3,1994,3,4.3,"05-Oct-1994 03:00:00"
-2,4,1994,4,3.5,"05-Oct-1994 04:00:00"
-2,3.7,1994,5,3,"05-Oct-1994 05:00:00"
-2,3.3,1994,6,3.6,"05-Oct-1994 06:00:00"
-2,3,1994,7,4.2,"05-Oct-1994 07:00:00"
-0.3,4.3,1994,8,6.5,"05-Oct-1994 08:00:00"
1.3,5.7,1994,9,7.4,"05-Oct-1994 09:00:00"
3,7,1994,10,4.9,"05-Oct-1994 10:00:00"
4.7,7.7,1994,11,6.2,"05-Oct-1994 11:00:00"
6.3,8.3,1994,12,7.3,"05-Oct-1994 12:00:00"
8,9,1994,13,7.9,"05-Oct-1994 13:00:00"
7.7,8.7,1994,14,8.5,"05-Oct-1994 14:00:00"
7.3,8.3,1994,15,8.1,"05-Oct-1994 15:00:00"
7,8,1994,16,6.8,"05-Oct-1994 16:00:00"
6.3,7.7,1994,17,5.5,"05-Oct-1994 17:00:00"
5.7,7.3,1994,18,4.8,"05-Oct-1994 18:00:00"
5,7,1994,19,4.5,"05-Oct-1994 19:00:00"
3.3,5.3,1994,20,3.1,"05-Oct-1994 20:00:00"
1.7,3.7,1994,21,2,"05-Oct-1994 21:00:00"
0,2,1994,22,1,"05-Oct-1994 22:00:00"
-0.7,1.3,1994,23,0.25,"05-Oct-1994 23:00:00"
-1.3,0.7,1994,0,-0.5,"06-Oct-1994 00:00:00"
-2,0,1994,1,-0.6,"06-Oct-1994 01:00:00"
-2.7,-0.3,1994,2,-0.7,"06-Oct-1994 02:00:00"
-3.3,-0.7,1994,3,-1,"06-Oct-1994 03:00:00"
-4,-1,1994,4,-1.2,"06-Oct-1994 04:00:00"
-3,-0.7,1994,5,-0.1,"06-Oct-1994 05:00:00"
-2,-0.3,1994,6,3.6,"06-Oct-1994 06:00:00"
-1,0,1994,7,6.2,"06-Oct-1994 07:00:00"
0,2,1994,8,8.1,"06-Oct-1994 08:00:00"
1,4,1994,9,9,"06-Oct-1994 09:00:00"
2,6,1994,10,9.7,"06-Oct-1994 10:00:00"
3.7,7,1994,11,10,"06-Oct-1994 11:00:00"
5.3,8,1994,12,9.9,"06-Oct-1994 12:00:00"
7,9,1994,13,10,"06-Oct-1994 13:00:00"
7.3,9.3,1994,14,9.9,"06-Oct-1994 14:00:00"
7.7,9.7,1994,15,9.7,"06-Oct-1994 15:00:00"
8,10,1994,16,9.3,"06-Oct-1994 16:00:00"
7.7,10,1994,17,9,"06-Oct-1994 17:00:00"
7.3,10,1994,18,9.1,"06-Oct-1994 18:00:00"
7,10,1994,19,9.5,"06-Oct-1994 19:00:00"
6.7,9.7,1994,20,9.6,"06-Oct-1994 20:00:00"
6.3,9.3,1994,21,9.5,"06-Oct-1994 21:00:00"
6,9,1994,22,9.5,"06-Oct-1994 22:00:00"
6.3,8.7,1994,23,9.25,"06-Oct-1994 23:00:00"
6.7,8.3,1994,0,9,"07-Oct-1994 00:00:00"
7,8,1994,1,8.9,"07-Oct-1994 01:00:00"
7,8,1994,2,8.9,"07-Oct-1994 02:00:00"
7,8,1994,3,9,"07-Oct-1994 03:00:00"
7,8,1994,4,9,"07-Oct-1994 04:00:00"
7.7,8.3,1994,5,9.2,"07-Oct-1994 05:00:00"
8.3,8.7,1994,6,9.8,"07-Oct-1994 06:00:00"
9,9,1994,7,9.9,"07-Oct-1994 07:00:00"
9.3,10,1994,8,10.5,"07-Oct-1994 08:00:00"
9.7,11,1994,9,10.7,"07-Oct-1994 09:00:00"
10,12,1994,10,10.6,"07-Oct-1994 10:00:00"
10.3,12.3,1994,11,10.5,"07-Oct-1994 11:00:00"
10.7,12.7,1994,12,10.5,"07-Oct-1994 12:00:00"
11,13,1994,13,10.5,"07-Oct-1994 13:00:00"
11,13,1994,14,10.1,"07-Oct-1994 14:00:00"
11,13,1994,15,10.1,"07-Oct-1994 15:00:00"
11,13,1994,16,10,"07-Oct-1994 16:00:00"
10.7,12.7,1994,17,9.9,"07-Oct-1994 17:00:00"
10.3,12.3,1994,18,10,"07-Oct-1994 18:00:00"
10,12,1994,19,10.1,"07-Oct-1994 19:00:00"
9.7,11.3,1994,20,10,"07-Oct-1994 20:00:00"
9.3,10.7,1994,21,9.7,"07-Oct-1994 21:00:00"
9,10,1994,22,9.4,"07-Oct-1994 22:00:00"
8.3,9.3,1994,23,9.25,"07-Oct-1994 23:00:00"
7.7,8.7,1994,0,9.1,"08-Oct-1994 00:00:00"
7,8,1994,1,9.2,"08-Oct-1994 01:00:00"
6.7,7.7,1994,2,9.3,"08-Oct-1994 02:00:00"
6.3,7.3,1994,3,9.1,"08-Oct-1994 03:00:00"
6,7,1994,4,9,"08-Oct-1994 04:00:00"
6.3,7.7,1994,5,9.1,"08-Oct-1994 05:00:00"
6.7,8.3,1994,6,9.1,"08-Oct-1994 06:00:00"
7,9,1994,7,9.7,"08-Oct-1994 07:00:00"
7.7,9.7,1994,8,10.4,"08-Oct-1994 08:00:00"
8.3,10.3,1994,9,10.6,"08-Oct-1994 09:00:00"
9,11,1994,10,10.6,"08-Oct-1994 10:00:00"
9.3,12,1994,11,10.6,"08-Oct-1994 11:00:00"
9.7,13,1994,12,10.9,"08-Oct-1994 12:00:00"
10,14,1994,13,10.9,"08-Oct-1994 13:00:00"
10,13.7,1994,14,10.2,"08-Oct-1994 14:00:00"
10,13.3,1994,15,9.4,"08-Oct-1994 15:00:00"
10,13,1994,16,8.9,"08-Oct-1994 16:00:00"
9.3,12,1994,17,8.5,"08-Oct-1994 17:00:00"
8.7,11,1994,18,8.3,"08-Oct-1994 18:00:00"
8,10,1994,19,8.2,"08-Oct-1994 19:00:00"
7.3,9.3,1994,20,7.5,"08-Oct-1994 20:00:00"
6.7,8.7,1994,21,7.4,"08-Oct-1994 21:00:00"
6,8,1994,22,7.7,"08-Oct-1994 22:00:00"
5.7,7.7,1994,23,7.8,"08-Oct-1994 23:00:00"
5.3,7.3,1994,0,7.9,"09-Oct-1994 00:00:00"
5,7,1994,1,7.5,"09-Oct-1994 01:00:00"
5,6.7,1994,2,6.9,"09-Oct-1994 02:00:00"
5,6.3,1994,3,6.6,"09-Oct-1994 03:00:00"
5,6,1994,4,6.6,"09-Oct-1994 04:00:00"
4.7,5.7,1994,5,6.8,"09-Oct-1994 05:00:00"
4.3,5.3,1994,6,7.2,"09-Oct-1994 06:00:00"
4,5,1994,7,8,"09-Oct-1994 07:00:00"
5,6.3,1994,8,8.3,"09-Oct-1994 08:00:00"
6,7.7,1994,9,8.8,"09-Oct-1994 09:00:00"
7,9,1994,10,9,"09-Oct-1994 10:00:00"
8,10.3,1994,11,9.4,"09-Oct-1994 11:00:00"
9,11.7,1994,12,9.6,"09-Oct-1994 12:00:00"
10,13,1994,13,9.4,"09-Oct-1994 13:00:00"
9.3,12.3,1994,14,9.4,"09-Oct-1994 14:00:00"
8.7,11.7,1994,15,9.2,"09-Oct-1994 15:00:00"
8,11,1994,16,7.7,"09-Oct-1994 16:00:00"
7.3,10,1994,17,6.5,"09-Oct-1994 17:00:00"
6.7,9,1994,18,5.7,"09-Oct-1994 18:00:00"
6,8,1994,19,5.2,"09-Oct-1994 19:00:00"
4.7,6.7,1994,20,4.5,"09-Oct-1994 20:00:00"
3.3,5.3,1994,21,5.5,"09-Oct-1994 21:00:00"
2,4,1994,22,5.2,"09-Oct-1994 22:00:00"
1.7,3.7,1994,23,5.1,"09-Oct-1994 23:00:00"
1.3,3.3,1994,0,5,"10-Oct-1994 00:00:00"
1,3,1994,1,6,"10-Oct-1994 01:00:00"
1,3,1994,2,6,"10-Oct-1994 02:00:00"
1,3,1994,3,6,"10-Oct-1994 03:00:00"
1,3,1994,4,6.5,"10-Oct-1994 04:00:00"
2,3.7,1994,5,6.8,"10-Oct-1994 05:00:00"
3,4.3,1994,6,6.4,"10-Oct-1994 06:00:00"
4,5,1994,7,7.9,"10-Oct-1994 07:00:00"
5,6.3,1994,8,9.6,"10-Oct-1994 08:00:00"
6,7.7,1994,9,10.4,"10-Oct-1994 09:00:00"
7,9,1994,10,11.1,"10-Oct-1994 10:00:00"
8.3,10,1994,11,11.3,"10-Oct-1994 11:00:00"
9.7,11,1994,12,10.9,"10-Oct-1994 12:00:00"
11,12,1994,13,10.9,"10-Oct-1994 13:00:00"
10,11,1994,14,10.7,"10-Oct-1994 14:00:00"
9,10,1994,15,10.3,"10-Oct-1994 15:00:00"
8,9,1994,16,10,"10-Oct-1994 16:00:00"
7,8,1994,17,9.8,"10-Oct-1994 17:00:00"
6,7,1994,18,9.8,"10-Oct-1994 18:00:00"
5,6,1994,19,9.7,"10-Oct-1994 19:00:00"
4.7,6.3,1994,20,9.2,"10-Oct-1994 20:00:00"
4.3,6.7,1994,21,8.4,"10-Oct-1994 21:00:00"
4,7,1994,22,8.5,"10-Oct-1994 22:00:00"
3.7,6.3,1994,23,8.4,"10-Oct-1994 23:00:00"
3.3,5.7,1994,0,8.3,"11-Oct-1994 00:00:00"
3,5,1994,1,8.7,"11-Oct-1994 01:00:00"
2.7,4.7,1994,2,8.7,"11-Oct-1994 02:00:00"
2.3,4.3,1994,3,8.8,"11-Oct-1994 03:00:00"
2,4,1994,4,8.9,"11-Oct-1994 04:00:00"
2.7,5,1994,5,8.6,"11-Oct-1994 05:00:00"
3.3,6,1994,6,8.7,"11-Oct-1994 06:00:00"
4,7,1994,7,9.1,"11-Oct-1994 07:00:00"
5,7.7,1994,8,9.9,"11-Oct-1994 08:00:00"
6,8.3,1994,9,10.9,"11-Oct-1994 09:00:00"
7,9,1994,10,11.6,"11-Oct-1994 10:00:00"
8,10,1994,11,11.9,"11-Oct-1994 11:00:00"
9,11,1994,12,11.7,"11-Oct-1994 12:00:00"
10,12,1994,13,11.2,"11-Oct-1994 13:00:00"
10,12,1994,14,11.1,"11-Oct-1994 14:00:00"
10,12,1994,15,10.6,"11-Oct-1994 15:00:00"
10,12,1994,16,10,"11-Oct-1994 16:00:00"
9.3,11.7,1994,17,9,"11-Oct-1994 17:00:00"
8.7,11.3,1994,18,9,"11-Oct-1994 18:00:00"
8,11,1994,19,8.9,"11-Oct-1994 19:00:00"
8,10.3,1994,20,9,"11-Oct-1994 20:00:00"
8,9.7,1994,21,9.2,"11-Oct-1994 21:00:00"
8,9,1994,22,8.7,"11-Oct-1994 22:00:00"
7.3,8.7,1994,23,9.2,"11-Oct-1994 23:00:00"
6.7,8.3,1994,0,9.7,"12-Oct-1994 00:00:00"
6,8,1994,1,10.1,"12-Oct-1994 01:00:00"
5.3,8,1994,2,10.1,"12-Oct-1994 02:00:00"
4.7,8,1994,3,10.3,"12-Oct-1994 03:00:00"
4,8,1994,4,10,"12-Oct-1994 04:00:00"
5,8.3,1994,5,9.7,"12-Oct-1994 05:00:00"
6,8.7,1994,6,9.7,"12-Oct-1994 06:00:00"
7,9,1994,7,10,"12-Oct-1994 07:00:00"
7.7,9.3,1994,8,10.6,"12-Oct-1994 08:00:00"
8.3,9.7,1994,9,10.9,"12-Oct-1994 09:00:00"
9,10,1994,10,11.3,"12-Oct-1994 10:00:00"
9.7,10.7,1994,11,11.3,"12-Oct-1994 11:00:00"
10.3,11.3,1994,12,11.6,"12-Oct-1994 12:00:00"
11,12,1994,13,11.4,"12-Oct-1994 13:00:00"
10.7,11.7,1994,14,10.7,"12-Oct-1994 14:00:00"
10.3,11.3,1994,15,10,"12-Oct-1994 15:00:00"
10,11,1994,16,9.4,"12-Oct-1994 16:00:00"
9.7,11,1994,17,9,"12-Oct-1994 17:00:00"
9.3,11,1994,18,8.8,"12-Oct-1994 18:00:00"
9,11,1994,19,9,"12-Oct-1994 19:00:00"
9,10.7,1994,20,8.9,"12-Oct-1994 20:00:00"
9,10.3,1994,21,8.9,"12-Oct-1994 21:00:00"
9,10,1994,22,8.8,"12-Oct-1994 22:00:00"
8.7,9.7,1994,23,9.1,"12-Oct-1994 23:00:00"
8.3,9.3,1994,0,9.4,"13-Oct-1994 00:00:00"
8,9,1994,1,9.6,"13-Oct-1994 01:00:00"
8.7,9,1994,2,9.9,"13-Oct-1994 02:00:00"
9.3,9,1994,3,10.2,"13-Oct-1994 03:00:00"
10,9,1994,4,10.5,"13-Oct-1994 04:00:00"
10,9.3,1994,5,10.6,"13-Oct-1994 05:00:00"
10,9.7,1994,6,10.8,"13-Oct-1994 06:00:00"
10,10,1994,7,11.2,"13-Oct-1994 07:00:00"
10.7,10.7,1994,8,11.6,"13-Oct-1994 08:00:00"
11.3,11.3,1994,9,11.8,"13-Oct-1994 09:00:00"
12,12,1994,10,12,"13-Oct-1994 10:00:00"
11.7,12.3,1994,11,12.2,"13-Oct-1994 11:00:00"
11.3,12.7,1994,12,12.6,"13-Oct-1994 12:00:00"
11,13,1994,13,12.2,"13-Oct-1994 13:00:00"
10.7,12.3,1994,14,11.8,"13-Oct-1994 14:00:00"
10.3,11.7,1994,15,11.6,"13-Oct-1994 15:00:00"
10,11,1994,16,11.4,"13-Oct-1994 16:00:00"
9.7,11,1994,17,11,"13-Oct-1994 17:00:00"
9.3,11,1994,18,10.2,"13-Oct-1994 18:00:00"
9,11,1994,19,9.8,"13-Oct-1994 19:00:00"
9,10.7,1994,20,9.3,"13-Oct-1994 20:00:00"
9,10.3,1994,21,10,"13-Oct-1994 21:00:00"
9,10,1994,22,9.7,"13-Oct-1994 22:00:00"
8.7,9.7,1994,23,9.6,"13-Oct-1994 23:00:00"
8.3,9.3,1994,0,9.5,"14-Oct-1994 00:00:00"
8,9,1994,1,9.2,"14-Oct-1994 01:00:00"
8,9,1994,2,9.3,"14-Oct-1994 02:00:00"
8,9,1994,3,9.4,"14-Oct-1994 03:00:00"
8,9,1994,4,9.1,"14-Oct-1994 04:00:00"
8.3,9.3,1994,5,9.1,"14-Oct-1994 05:00:00"
8.7,9.7,1994,6,9,"14-Oct-1994 06:00:00"
9,10,1994,7,9.2,"14-Oct-1994 07:00:00"
9.7,10.7,1994,8,9.5,"14-Oct-1994 08:00:00"
10.3,11.3,1994,9,10.1,"14-Oct-1994 09:00:00"
11,12,1994,10,10.6,"14-Oct-1994 10:00:00"
11,12,1994,11,11.1,"14-Oct-1994 11:00:00"
11,12,1994,12,11.7,"14-Oct-1994 12:00:00"
11,12,1994,13,12.3,"14-Oct-1994 13:00:00"
10.7,11.7,1994,14,12.5,"14-Oct-1994 14:00:00"
10.3,11.3,1994,15,11.5,"14-Oct-1994 15:00:00"
10,11,1994,16,9.8,"14-Oct-1994 16:00:00"
9.7,11,1994,17,8.8,"14-Oct-1994 17:00:00"
9.3,11,1994,18,8.6,"14-Oct-1994 18:00:00"
9,11,1994,19,8.4,"14-Oct-1994 19:00:00"
9,9.7,1994,20,8,"14-Oct-1994 20:00:00"
9,8.3,1994,21,8.1,"14-Oct-1994 21:00:00"
9,7,1994,22,7.8,"14-Oct-1994 22:00:00"
8.7,7,1994,23,7.15,"14-Oct-1994 23:00:00"
8.3,7,1994,0,6.5,"15-Oct-1994 00:00:00"
8,7,1994,1,6.3,"15-Oct-1994 01:00:00"
7.7,7,1994,2,7.7,"15-Oct-1994 02:00:00"
7.3,7,1994,3,8,"15-Oct-1994 03:00:00"
7,7,1994,4,7.6,"15-Oct-1994 04:00:00"
7.7,7.3,1994,5,7.2,"15-Oct-1994 05:00:00"
8.3,7.7,1994,6,7.2,"15-Oct-1994 06:00:00"
9,8,1994,7,7,"15-Oct-1994 07:00:00"
9.7,9,1994,8,7,"15-Oct-1994 08:00:00"
10.3,10,1994,9,7.5,"15-Oct-1994 09:00:00"
11,11,1994,10,7.5,"15-Oct-1994 10:00:00"
10.7,11,1994,11,8.4,"15-Oct-1994 11:00:00"
10.3,11,1994,12,9,"15-Oct-1994 12:00:00"
10,11,1994,13,9.3,"15-Oct-1994 13:00:00"
10,10.7,1994,14,9.5,"15-Oct-1994 14:00:00"
10,10.3,1994,15,9.9,"15-Oct-1994 15:00:00"
10,10,1994,16,10.4,"15-Oct-1994 16:00:00"
9.7,10,1994,17,10.5,"15-Oct-1994 17:00:00"
9.3,10,1994,18,10.7,"15-Oct-1994 18:00:00"
9,10,1994,19,10.3,"15-Oct-1994 19:00:00"
8,9,1994,20,8.7,"15-Oct-1994 20:00:00"
7,8,1994,21,7.6,"15-Oct-1994 21:00:00"
6,7,1994,22,5.8,"15-Oct-1994 22:00:00"
5.3,6.7,1994,23,5.75,"15-Oct-1994 23:00:00"
4.7,6.3,1994,0,5.7,"16-Oct-1994 00:00:00"
4,6,1994,1,6.1,"16-Oct-1994 01:00:00"
3.3,5.7,1994,2,5.7,"16-Oct-1994 02:00:00"
2.7,5.3,1994,3,5.9,"16-Oct-1994 03:00:00"
2,5,1994,4,6.4,"16-Oct-1994 04:00:00"
2,5,1994,5,6.7,"16-Oct-1994 05:00:00"
2,5,1994,6,6.8,"16-Oct-1994 06:00:00"
2,5,1994,7,7.1,"16-Oct-1994 07:00:00"
3,5.7,1994,8,8.3,"16-Oct-1994 08:00:00"
4,6.3,1994,9,9.4,"16-Oct-1994 09:00:00"
5,7,1994,10,8.9,"16-Oct-1994 10:00:00"
4.7,7.3,1994,11,9.4,"16-Oct-1994 11:00:00"
4.3,7.7,1994,12,9,"16-Oct-1994 12:00:00"
4,8,1994,13,8.6,"16-Oct-1994 13:00:00"
3.3,7,1994,14,8.6,"16-Oct-1994 14:00:00"
2.7,6,1994,15,7.3,"16-Oct-1994 15:00:00"
2,5,1994,16,5.6,"16-Oct-1994 16:00:00"
1.3,4.7,1994,17,4.2,"16-Oct-1994 17:00:00"
0.7,4.3,1994,18,3.4,"16-Oct-1994 18:00:00"
0,4,1994,19,2.7,"16-Oct-1994 19:00:00"
-0.3,3.3,1994,20,1.4,"16-Oct-1994 20:00:00"
-0.7,2.7,1994,21,0.7,"16-Oct-1994 21:00:00"
-1,2,1994,22,-0.1,"16-Oct-1994 22:00:00"
-1.7,1.3,1994,23,-0.15,"16-Oct-1994 23:00:00"
-2.3,0.7,1994,0,-0.2,"17-Oct-1994 00:00:00"
-3,0,1994,1,-0.5,"17-Oct-1994 01:00:00"
-3.3,-0.7,1994,2,-1.3,"17-Oct-1994 02:00:00"
-3.7,-1.3,1994,3,-1.9,"17-Oct-1994 03:00:00"
-4,-2,1994,4,-1.4,"17-Oct-1994 04:00:00"
-4.7,-1,1994,5,-1.8,"17-Oct-1994 05:00:00"
-5.3,0,1994,6,-0.6,"17-Oct-1994 06:00:00"
-6,1,1994,7,1.6,"17-Oct-1994 07:00:00"
-4.3,2,1994,8,4,"17-Oct-1994 08:00:00"
-2.7,3,1994,9,5.6,"17-Oct-1994 09:00:00"
-1,4,1994,10,5.9,"17-Oct-1994 10:00:00"
1,5,1994,11,6.4,"17-Oct-1994 11:00:00"
3,6,1994,12,6.2,"17-Oct-1994 12:00:00"
5,7,1994,13,5.6,"17-Oct-1994 13:00:00"
4,6,1994,14,5.3,"17-Oct-1994 14:00:00"
3,5,1994,15,4.3,"17-Oct-1994 15:00:00"
2,4,1994,16,2.9,"17-Oct-1994 16:00:00"
1.3,3.3,1994,17,1.2,"17-Oct-1994 17:00:00"
0.7,2.7,1994,18,-0.1,"17-Oct-1994 18:00:00"
0,2,1994,19,0.3,"17-Oct-1994 19:00:00"
-0.7,0.7,1994,20,-0.4,"17-Oct-1994 20:00:00"
-1.3,-0.7,1994,21,-1.1,"17-Oct-1994 21:00:00"
-2,-2,1994,22,-1.1,"17-Oct-1994 22:00:00"
-2.7,-2.7,1994,23,-1.5,"17-Oct-1994 23:00:00"
-3.3,-3.3,1994,0,-1.9,"18-Oct-1994 00:00:00"
-4,-4,1994,1,-2,"18-Oct-1994 01:00:00"
-4.7,-4.7,1994,2,-2.4,"18-Oct-1994 02:00:00"
-5.3,-5.3,1994,3,-2.3,"18-Oct-1994 03:00:00"
-6,-6,1994,4,-2.8,"18-Oct-1994 04:00:00"
-6.7,-6,1994,5,-3.2,"18-Oct-1994 05:00:00"
-7.3,-6,1994,6,-2.2,"18-Oct-1994 06:00:00"
-8,-6,1994,7,2.9,"18-Oct-1994 07:00:00"
-5.7,-2.7,1994,8,5.7,"18-Oct-1994 08:00:00"
-3.3,0.7,1994,9,5.9,"18-Oct-1994 09:00:00"
-1,4,1994,10,6.3,"18-Oct-1994 10:00:00"
0.7,5,1994,11,6.6,"18-Oct-1994 11:00:00"
2.3,6,1994,12,6.9,"18-Oct-1994 12:00:00"
4,7,1994,13,6.2,"18-Oct-1994 13:00:00"
3,5.7,1994,14,6.9,"18-Oct-1994 14:00:00"
2,4.3,1994,15,5.9,"18-Oct-1994 15:00:00"
1,3,1994,16,3.7,"18-Oct-1994 16:00:00"
0.3,2,1994,17,1.2,"18-Oct-1994 17:00:00"
-0.3,1,1994,18,0.1,"18-Oct-1994 18:00:00"
-1,0,1994,19,-1,"18-Oct-1994 19:00:00"
-2,-1.3,1994,20,-1.4,"18-Oct-1994 20:00:00"
-3,-2.7,1994,21,-0.8,"18-Oct-1994 21:00:00"
-4,-4,1994,22,-0.2,"18-Oct-1994 22:00:00"
-4.3,-4.3,1994,23,0.2,"18-Oct-1994 23:00:00"
-4.7,-4.7,1994,0,0.6,"19-Oct-1994 00:00:00"
-5,-5,1994,1,1.6,"19-Oct-1994 01:00:00"
-5.3,-4.7,1994,2,2.3,"19-Oct-1994 02:00:00"
-5.7,-4.3,1994,3,3.2,"19-Oct-1994 03:00:00"
-6,-4,1994,4,3.4,"19-Oct-1994 04:00:00"
-6,-1.7,1994,5,4,"19-Oct-1994 05:00:00"
-6,0.7,1994,6,4.2,"19-Oct-1994 06:00:00"
-6,3,1994,7,4.6,"19-Oct-1994 07:00:00"
-3.7,4,1994,8,5.4,"19-Oct-1994 08:00:00"
-1.3,5,1994,9,7.1,"19-Oct-1994 09:00:00"
1,6,1994,10,7.4,"19-Oct-1994 10:00:00"
2.3,6.7,1994,11,7.7,"19-Oct-1994 11:00:00"
3.7,7.3,1994,12,7.4,"19-Oct-1994 12:00:00"
5,8,1994,13,6.9,"19-Oct-1994 13:00:00"
4.3,8,1994,14,6.5,"19-Oct-1994 14:00:00"
3.7,8,1994,15,5.9,"19-Oct-1994 15:00:00"
3,8,1994,16,5.4,"19-Oct-1994 16:00:00"
2,7.3,1994,17,5.3,"19-Oct-1994 17:00:00"
1,6.7,1994,18,5.8,"19-Oct-1994 18:00:00"
0,6,1994,19,6,"19-Oct-1994 19:00:00"
-0.3,5.7,1994,20,6.1,"19-Oct-1994 20:00:00"
-0.7,5.3,1994,21,6.2,"19-Oct-1994 21:00:00"
-1,5,1994,22,5.9,"19-Oct-1994 22:00:00"
-1.3,5,1994,23,5.75,"19-Oct-1994 23:00:00"
-1.7,5,1994,0,5.6,"20-Oct-1994 00:00:00"
-2,5,1994,1,5.5,"20-Oct-1994 01:00:00"
-2.3,5,1994,2,5.5,"20-Oct-1994 02:00:00"
-2.7,5,1994,3,5.3,"20-Oct-1994 03:00:00"
-3,5,1994,4,5.3,"20-Oct-1994 04:00:00"
-1.7,5.3,1994,5,5.3,"20-Oct-1994 05:00:00"
-0.3,5.7,1994,6,5.6,"20-Oct-1994 06:00:00"
1,6,1994,7,6.4,"20-Oct-1994 07:00:00"
2,6.7,1994,8,6.9,"20-Oct-1994 08:00:00"
3,7.3,1994,9,7.2,"20-Oct-1994 09:00:00"
4,8,1994,10,7.3,"20-Oct-1994 10:00:00"
5,8.3,1994,11,7.5,"20-Oct-1994 11:00:00"
6,8.7,1994,12,7.5,"20-Oct-1994 12:00:00"
7,9,1994,13,7.4,"20-Oct-1994 13:00:00"
6.7,9,1994,14,7.1,"20-Oct-1994 14:00:00"
6.3,9,1994,15,6.5,"20-Oct-1994 15:00:00"
6,9,1994,16,5.9,"20-Oct-1994 16:00:00"
5.7,8.7,1994,17,6.1,"20-Oct-1994 17:00:00"
5.3,8.3,1994,18,6.2,"20-Oct-1994 18:00:00"
5,8,1994,19,6.3,"20-Oct-1994 19:00:00"
4.3,7.3,1994,20,6,"20-Oct-1994 20:00:00"
3.7,6.7,1994,21,5.8,"20-Oct-1994 21:00:00"
3,6,1994,22,5.5,"20-Oct-1994 22:00:00"
2,6,1994,23,5.25,"20-Oct-1994 23:00:00"
1,6,1994,0,5,"21-Oct-1994 00:00:00"
0,6,1994,1,5,"21-Oct-1994 01:00:00"
1,5.7,1994,2,4.9,"21-Oct-1994 02:00:00"
2,5.3,1994,3,4.9,"21-Oct-1994 03:00:00"
3,5,1994,4,5,"21-Oct-1994 04:00:00"
3,5.3,1994,5,4.9,"21-Oct-1994 05:00:00"
3,5.7,1994,6,4.9,"21-Oct-1994 06:00:00"
3,6,1994,7,5.4,"21-Oct-1994 07:00:00"
3.7,6.7,1994,8,5.8,"21-Oct-1994 08:00:00"
4.3,7.3,1994,9,6.3,"21-Oct-1994 09:00:00"
5,8,1994,10,6.5,"21-Oct-1994 10:00:00"
5.7,8.3,1994,11,6.7,"21-Oct-1994 11:00:00"
6.3,8.7,1994,12,7.2,"21-Oct-1994 12:00:00"
7,9,1994,13,7.3,"21-Oct-1994 13:00:00"
6.7,8.7,1994,14,7.3,"21-Oct-1994 14:00:00"
6.3,8.3,1994,15,7,"21-Oct-1994 15:00:00"
6,8,1994,16,7.1,"21-Oct-1994 16:00:00"
5.7,7.7,1994,17,7.7,"21-Oct-1994 17:00:00"
5.3,7.3,1994,18,8,"21-Oct-1994 18:00:00"
5,7,1994,19,8,"21-Oct-1994 19:00:00"
4.3,6.7,1994,20,7.7,"21-Oct-1994 20:00:00"
3.7,6.3,1994,21,7.4,"21-Oct-1994 21:00:00"
3,6,1994,22,7.3,"21-Oct-1994 22:00:00"
2.7,6,1994,23,7.3,"21-Oct-1994 23:00:00"
2.3,6,1994,0,7.3,"22-Oct-1994 00:00:00"
2,6,1994,1,7.1,"22-Oct-1994 01:00:00"
2.3,6,1994,2,6.9,"22-Oct-1994 02:00:00"
2.7,6,1994,3,6.7,"22-Oct-1994 03:00:00"
3,6,1994,4,6.6,"22-Oct-1994 04:00:00"
2.3,5.7,1994,5,6.6,"22-Oct-1994 05:00:00"
1.7,5.3,1994,6,6.8,"22-Oct-1994 06:00:00"
1,5,1994,7,7.5,"22-Oct-1994 07:00:00"
2.7,5.7,1994,8,8.4,"22-Oct-1994 08:00:00"
4.3,6.3,1994,9,8.7,"22-Oct-1994 09:00:00"
6,7,1994,10,8.7,"22-Oct-1994 10:00:00"
6.3,8,1994,11,8.7,"22-Oct-1994 11:00:00"
6.7,9,1994,12,8.8,"22-Oct-1994 12:00:00"
7,10,1994,13,8.8,"22-Oct-1994 13:00:00"
7,9.7,1994,14,8.9,"22-Oct-1994 14:00:00"
7,9.3,1994,15,9.2,"22-Oct-1994 15:00:00"
7,9,1994,16,9.5,"22-Oct-1994 16:00:00"
6.7,9,1994,17,9.7,"22-Oct-1994 17:00:00"
6.3,9,1994,18,9.8,"22-Oct-1994 18:00:00"
6,9,1994,19,10,"22-Oct-1994 19:00:00"
6,9,1994,20,10,"22-Oct-1994 20:00:00"
6,9,1994,21,9.8,"22-Oct-1994 21:00:00"
6,9,1994,22,9.6,"22-Oct-1994 22:00:00"
6.3,8.7,1994,23,9.3,"22-Oct-1994 23:00:00"
6.7,8.3,1994,0,9,"23-Oct-1994 00:00:00"
7,8,1994,1,8.7,"23-Oct-1994 01:00:00"
7,8,1994,2,8.5,"23-Oct-1994 02:00:00"
7,8,1994,3,8.3,"23-Oct-1994 03:00:00"
7,8,1994,4,7.8,"23-Oct-1994 04:00:00"
7,8.3,1994,5,7.6,"23-Oct-1994 05:00:00"
7,8.7,1994,6,7.6,"23-Oct-1994 06:00:00"
7,9,1994,7,7.7,"23-Oct-1994 07:00:00"
7,9.3,1994,8,8,"23-Oct-1994 08:00:00"
7,9.7,1994,9,8.4,"23-Oct-1994 09:00:00"
7,10,1994,10,9,"23-Oct-1994 10:00:00"
7,9.7,1994,11,9.7,"23-Oct-1994 11:00:00"
7,9.3,1994,12,10.5,"23-Oct-1994 12:00:00"
7,9,1994,13,10.8,"23-Oct-1994 13:00:00"
7.3,9.3,1994,14,10.5,"23-Oct-1994 14:00:00"
7.7,9.7,1994,15,10.1,"23-Oct-1994 15:00:00"
8,10,1994,16,10,"23-Oct-1994 16:00:00"
7.7,9.7,1994,17,10.5,"23-Oct-1994 17:00:00"
7.3,9.3,1994,18,10.6,"23-Oct-1994 18:00:00"
7,9,1994,19,10.4,"23-Oct-1994 19:00:00"
7,8.7,1994,20,10,"23-Oct-1994 20:00:00"
7,8.3,1994,21,10,"23-Oct-1994 21:00:00"
7,8,1994,22,9.8,"23-Oct-1994 22:00:00"
7,8,1994,23,9.75,"23-Oct-1994 23:00:00"
7,8,1994,0,9.7,"24-Oct-1994 00:00:00"
7,8,1994,1,9.7,"24-Oct-1994 01:00:00"
6.7,7.7,1994,2,9.2,"24-Oct-1994 02:00:00"
6.3,7.3,1994,3,9,"24-Oct-1994 03:00:00"
6,7,1994,4,9.1,"24-Oct-1994 04:00:00"
6.3,7.7,1994,5,9.5,"24-Oct-1994 05:00:00"
6.7,8.3,1994,6,9.7,"24-Oct-1994 06:00:00"
7,9,1994,7,10,"24-Oct-1994 07:00:00"
7.3,9.3,1994,8,10.3,"24-Oct-1994 08:00:00"
7.7,9.7,1994,9,10.6,"24-Oct-1994 09:00:00"
8,10,1994,10,11,"24-Oct-1994 10:00:00"
8.3,10.3,1994,11,11.2,"24-Oct-1994 11:00:00"
8.7,10.7,1994,12,11.8,"24-Oct-1994 12:00:00"
9,11,1994,13,11.6,"24-Oct-1994 13:00:00"
8.7,10.7,1994,14,10.8,"24-Oct-1994 14:00:00"
8.3,10.3,1994,15,10.2,"24-Oct-1994 15:00:00"
8,10,1994,16,9.6,"24-Oct-1994 16:00:00"
7.7,9.7,1994,17,8.9,"24-Oct-1994 17:00:00"
7.3,9.3,1994,18,8.4,"24-Oct-1994 18:00:00"
7,9,1994,19,8,"24-Oct-1994 19:00:00"
7,8.7,1994,20,8.2,"24-Oct-1994 20:00:00"
7,8.3,1994,21,8,"24-Oct-1994 21:00:00"
7,8,1994,22,8.8,"24-Oct-1994 22:00:00"
6.7,8,1994,23,8.85,"24-Oct-1994 23:00:00"
6.3,8,1994,0,8.9,"25-Oct-1994 00:00:00"
6,8,1994,1,9.3,"25-Oct-1994 01:00:00"
6,7.7,1994,2,9.2,"25-Oct-1994 02:00:00"
6,7.3,1994,3,8.8,"25-Oct-1994 03:00:00"
6,7,1994,4,9.2,"25-Oct-1994 04:00:00"
6.3,7.3,1994,5,9.1,"25-Oct-1994 05:00:00"
6.7,7.7,1994,6,8.7,"25-Oct-1994 06:00:00"
7,8,1994,7,9,"25-Oct-1994 07:00:00"
7.3,8.3,1994,8,10.1,"25-Oct-1994 08:00:00"
7.7,8.7,1994,9,10.8,"25-Oct-1994 09:00:00"
8,9,1994,10,11.4,"25-Oct-1994 10:00:00"
8.3,10,1994,11,11.2,"25-Oct-1994 11:00:00"
8.7,11,1994,12,10.8,"25-Oct-1994 12:00:00"
9,12,1994,13,10.5,"25-Oct-1994 13:00:00"
8.7,11.3,1994,14,9.9,"25-Oct-1994 14:00:00"
8.3,10.7,1994,15,9.5,"25-Oct-1994 15:00:00"
8,10,1994,16,9.3,"25-Oct-1994 16:00:00"
7.7,9.7,1994,17,9.3,"25-Oct-1994 17:00:00"
7.3,9.3,1994,18,9.2,"25-Oct-1994 18:00:00"
7,9,1994,19,9.2,"25-Oct-1994 19:00:00"
6,8.7,1994,20,9.3,"25-Oct-1994 20:00:00"
5,8.3,1994,21,9.3,"25-Oct-1994 21:00:00"
4,8,1994,22,9,"25-Oct-1994 22:00:00"
4.3,8,1994,23,9.1,"25-Oct-1994 23:00:00"
4.7,8,1994,0,9.2,"26-Oct-1994 00:00:00"
5,8,1994,1,9.1,"26-Oct-1994 01:00:00"
5.3,8,1994,2,9.1,"26-Oct-1994 02:00:00"
5.7,8,1994,3,9.1,"26-Oct-1994 03:00:00"
6,8,1994,4,9.1,"26-Oct-1994 04:00:00"
6,8,1994,5,8.6,"26-Oct-1994 05:00:00"
6,8,1994,6,8.4,"26-Oct-1994 06:00:00"
6,8,1994,7,8.6,"26-Oct-1994 07:00:00"
6.7,8.3,1994,8,9,"26-Oct-1994 08:00:00"
7.3,8.7,1994,9,9.3,"26-Oct-1994 09:00:00"
8,9,1994,10,9.3,"26-Oct-1994 10:00:00"
8.3,9.3,1994,11,8.8,"26-Oct-1994 11:00:00"
8.7,9.7,1994,12,8.9,"26-Oct-1994 12:00:00"
9,10,1994,13,8.8,"26-Oct-1994 13:00:00"
8.7,9.7,1994,14,8.5,"26-Oct-1994 14:00:00"
8.3,9.3,1994,15,8.4,"26-Oct-1994 15:00:00"
8,9,1994,16,8.5,"26-Oct-1994 16:00:00"
7.7,8.7,1994,17,8.3,"26-Oct-1994 17:00:00"
7.3,8.3,1994,18,8.2,"26-Oct-1994 18:00:00"
7,8,1994,19,7.5,"26-Oct-1994 19:00:00"
6.7,7.7,1994,20,7.9,"26-Oct-1994 20:00:00"
6.3,7.3,1994,21,7.7,"26-Oct-1994 21:00:00"
6,7,1994,22,7.9,"26-Oct-1994 22:00:00"
5.7,7,1994,23,8.15,"26-Oct-1994 23:00:00"
5.3,7,1994,0,8.4,"27-Oct-1994 00:00:00"
5,7,1994,1,8.2,"27-Oct-1994 01:00:00"
4.7,7,1994,2,8.2,"27-Oct-1994 02:00:00"
4.3,7,1994,3,8.4,"27-Oct-1994 03:00:00"
4,7,1994,4,8.1,"27-Oct-1994 04:00:00"
4.7,7,1994,5,8.3,"27-Oct-1994 05:00:00"
5.3,7,1994,6,8.4,"27-Oct-1994 06:00:00"
6,7,1994,7,8.3,"27-Oct-1994 07:00:00"
6.3,7.3,1994,8,8.4,"27-Oct-1994 08:00:00"
6.7,7.7,1994,9,8.4,"27-Oct-1994 09:00:00"
7,8,1994,10,8.7,"27-Oct-1994 10:00:00"
7.3,8.7,1994,11,8.7,"27-Oct-1994 11:00:00"
7.7,9.3,1994,12,8.4,"27-Oct-1994 12:00:00"
8,10,1994,13,8.3,"27-Oct-1994 13:00:00"
8,9.7,1994,14,8.4,"27-Oct-1994 14:00:00"
8,9.3,1994,15,8.1,"27-Oct-1994 15:00:00"
8,9,1994,16,8.2,"27-Oct-1994 16:00:00"
7.7,8.7,1994,17,7.7,"27-Oct-1994 17:00:00"
7.3,8.3,1994,18,8.5,"27-Oct-1994 18:00:00"
7,8,1994,19,8.5,"27-Oct-1994 19:00:00"
6.7,7.7,1994,20,7.7,"27-Oct-1994 20:00:00"
6.3,7.3,1994,21,7.6,"27-Oct-1994 21:00:00"
6,7,1994,22,7.4,"27-Oct-1994 22:00:00"
5.7,7,1994,23,7.35,"27-Oct-1994 23:00:00"
5.3,7,1994,0,7.3,"28-Oct-1994 00:00:00"
5,7,1994,1,6.7,"28-Oct-1994 01:00:00"
4.7,7,1994,2,6.8,"28-Oct-1994 02:00:00"
4.3,7,1994,3,6.8,"28-Oct-1994 03:00:00"
4,7,1994,4,7.1,"28-Oct-1994 04:00:00"
4.7,7,1994,5,7.1,"28-Oct-1994 05:00:00"
5.3,7,1994,6,7,"28-Oct-1994 06:00:00"
6,7,1994,7,7.2,"28-Oct-1994 07:00:00"
6.3,7.3,1994,8,7.7,"28-Oct-1994 08:00:00"
6.7,7.7,1994,9,8.2,"28-Oct-1994 09:00:00"
7,8,1994,10,7.7,"28-Oct-1994 10:00:00"
7.3,8.7,1994,11,8,"28-Oct-1994 11:00:00"
7.7,9.3,1994,12,8,"28-Oct-1994 12:00:00"
8,10,1994,13,8.1,"28-Oct-1994 13:00:00"
8,9.7,1994,14,8.1,"28-Oct-1994 14:00:00"
8,9.3,1994,15,8,"28-Oct-1994 15:00:00"
8,9,1994,16,8.1,"28-Oct-1994 16:00:00"
7.3,8.3,1994,17,8,"28-Oct-1994 17:00:00"
6.7,7.7,1994,18,8.1,"28-Oct-1994 18:00:00"
6,7,1994,19,8.2,"28-Oct-1994 19:00:00"
6,7,1994,20,8.3,"28-Oct-1994 20:00:00"
6,7,1994,21,7.8,"28-Oct-1994 21:00:00"
6,7,1994,22,7.8,"28-Oct-1994 22:00:00"
5.7,6.7,1994,23,7.85,"28-Oct-1994 23:00:00"
5.3,6.3,1994,0,7.9,"29-Oct-1994 00:00:00"
5,6,1994,1,7.8,"29-Oct-1994 01:00:00"
4.7,6.3,1994,2,7.7,"29-Oct-1994 02:00:00"
4.3,6.7,1994,3,7.8,"29-Oct-1994 03:00:00"
4,7,1994,4,7.5,"29-Oct-1994 04:00:00"
4,7,1994,5,7.3,"29-Oct-1994 05:00:00"
4,7,1994,6,7.3,"29-Oct-1994 06:00:00"
4,7,1994,7,7.4,"29-Oct-1994 07:00:00"
4.3,7.3,1994,8,7.6,"29-Oct-1994 08:00:00"
4.7,7.7,1994,9,7.7,"29-Oct-1994 09:00:00"
5,8,1994,10,8,"29-Oct-1994 10:00:00"
5.7,8.3,1994,11,8.1,"29-Oct-1994 11:00:00"
6.3,8.7,1994,12,8.2,"29-Oct-1994 12:00:00"
7,9,1994,13,8.4,"29-Oct-1994 13:00:00"
7,8.7,1994,14,8.3,"29-Oct-1994 14:00:00"
7,8.3,1994,15,8,"29-Oct-1994 15:00:00"
7,8,1994,16,7.5,"29-Oct-1994 16:00:00"
6.7,7.3,1994,17,8,"29-Oct-1994 17:00:00"
6.3,6.7,1994,18,7.8,"29-Oct-1994 18:00:00"
6,6,1994,19,7.1,"29-Oct-1994 19:00:00"
5.3,5.7,1994,20,6.8,"29-Oct-1994 20:00:00"
4.7,5.3,1994,21,7.3,"29-Oct-1994 21:00:00"
4,5,1994,22,7.7,"29-Oct-1994 22:00:00"
3.7,5.3,1994,23,7.55,"29-Oct-1994 23:00:00"
3.3,5.7,1994,0,7.4,"30-Oct-1994 00:00:00"
3,6,1994,1,6.7,"30-Oct-1994 01:00:00"
3.3,6,1994,2,6.7,"30-Oct-1994 02:00:00"
3.7,6,1994,3,6.9,"30-Oct-1994 03:00:00"
4,6,1994,4,6.9,"30-Oct-1994 04:00:00"
4.3,6,1994,5,7.1,"30-Oct-1994 05:00:00"
4.7,6,1994,6,7.3,"30-Oct-1994 06:00:00"
5,6,1994,7,7.6,"30-Oct-1994 07:00:00"
5.3,6.3,1994,8,8.3,"30-Oct-1994 08:00:00"
5.7,6.7,1994,9,9.1,"30-Oct-1994 09:00:00"
6,7,1994,10,9,"30-Oct-1994 10:00:00"
6.3,7.7,1994,11,9.5,"30-Oct-1994 11:00:00"
6.7,8.3,1994,12,10.1,"30-Oct-1994 12:00:00"
7,9,1994,13,9.5,"30-Oct-1994 13:00:00"
7,9,1994,14,9.2,"30-Oct-1994 14:00:00"
7,9,1994,15,9,"30-Oct-1994 15:00:00"
7,9,1994,16,8.5,"30-Oct-1994 16:00:00"
6.3,8.3,1994,17,8.1,"30-Oct-1994 17:00:00"
5.7,7.7,1994,18,7.9,"30-Oct-1994 18:00:00"
5,7,1994,19,7.7,"30-Oct-1994 19:00:00"
4.7,7,1994,20,7.4,"30-Oct-1994 20:00:00"
4.3,7,1994,21,7.4,"30-Oct-1994 21:00:00"
4,7,1994,22,7.4,"30-Oct-1994 22:00:00"
3.7,7.3,1994,23,7.55,"30-Oct-1994 23:00:00"
3.3,7.7,1994,0,7.7,"31-Oct-1994 00:00:00"
3,8,1994,1,8,"31-Oct-1994 01:00:00"
3.3,8.3,1994,2,7.7,"31-Oct-1994 02:00:00"
3.7,8.7,1994,3,7.6,"31-Oct-1994 03:00:00"
4,9,1994,4,7.7,"31-Oct-1994 04:00:00"
4.7,8.7,1994,5,7.9,"31-Oct-1994 05:00:00"
5.3,8.3,1994,6,8.1,"31-Oct-1994 06:00:00"
6,8,1994,7,8.1,"31-Oct-1994 07:00:00"
6.7,8.3,1994,8,8.3,"31-Oct-1994 08:00:00"
7.3,8.7,1994,9,9.1,"31-Oct-1994 09:00:00"
8,9,1994,10,10.6,"31-Oct-1994 10:00:00"
7.7,9.7,1994,11,11.6,"31-Oct-1994 11:00:00"
7.3,10.3,1994,12,11.9,"31-Oct-1994 12:00:00"
7,11,1994,13,11.8,"31-Oct-1994 13:00:00"
7.3,11,1994,14,11.2,"31-Oct-1994 14:00:00"
7.7,11,1994,15,10.8,"31-Oct-1994 15:00:00"
8,11,1994,16,11,"31-Oct-1994 16:00:00"
8,10.7,1994,17,10.7,"31-Oct-1994 17:00:00"
8,10.3,1994,18,10.8,"31-Oct-1994 18:00:00"
8,10,1994,19,10.8,"31-Oct-1994 19:00:00"
7.7,9.7,1994,20,10.5,"31-Oct-1994 20:00:00"
7.3,9.3,1994,21,10.2,"31-Oct-1994 21:00:00"
7,9,1994,22,10.2,"31-Oct-1994 22:00:00"
7,8.7,1994,23,10.05,"31-Oct-1994 23:00:00"
7,8.3,1994,0,9.9,"01-Nov-1994 00:00:00"
7,8,1994,1,10.2,"01-Nov-1994 01:00:00"
7,8,1994,2,10,"01-Nov-1994 02:00:00"
7,8,1994,3,9.9,"01-Nov-1994 03:00:00"
7,8,1994,4,10,"01-Nov-1994 04:00:00"
6.7,8,1994,5,9.7,"01-Nov-1994 05:00:00"
6.3,8,1994,6,9.4,"01-Nov-1994 06:00:00"
6,8,1994,7,9.7,"01-Nov-1994 07:00:00"
6.7,8.3,1994,8,10,"01-Nov-1994 08:00:00"
7.3,8.7,1994,9,10,"01-Nov-1994 09:00:00"
8,9,1994,10,10.2,"01-Nov-1994 10:00:00"
7.3,9,1994,11,10.6,"01-Nov-1994 11:00:00"
6.7,9,1994,12,10.3,"01-Nov-1994 12:00:00"
6,9,1994,13,10.5,"01-Nov-1994 13:00:00"
5.7,8,1994,14,10.3,"01-Nov-1994 14:00:00"
5.3,7,1994,15,9.9,"01-Nov-1994 15:00:00"
5,6,1994,16,9.6,"01-Nov-1994 16:00:00"
4.3,5.7,1994,17,9.3,"01-Nov-1994 17:00:00"
3.7,5.3,1994,18,8.8,"01-Nov-1994 18:00:00"
3,5,1994,19,8.6,"01-Nov-1994 19:00:00"
2.3,3.7,1994,20,8.8,"01-Nov-1994 20:00:00"
1.7,2.3,1994,21,8.9,"01-Nov-1994 21:00:00"
1,1,1994,22,9,"01-Nov-1994 22:00:00"
0.3,0.3,1994,23,8.8,"01-Nov-1994 23:00:00"
-0.3,-0.3,1994,0,8.6,"02-Nov-1994 00:00:00"
-1,-1,1994,1,8.6,"02-Nov-1994 01:00:00"
-1.3,-1,1994,2,8.5,"02-Nov-1994 02:00:00"
-1.7,-1,1994,3,8.1,"02-Nov-1994 03:00:00"
-2,-1,1994,4,7.7,"02-Nov-1994 04:00:00"
-2,-0.7,1994,5,7.6,"02-Nov-1994 05:00:00"
-2,-0.3,1994,6,7.4,"02-Nov-1994 06:00:00"
-2,0,1994,7,7.6,"02-Nov-1994 07:00:00"
-1.3,1.3,1994,8,8.2,"02-Nov-1994 08:00:00"
-0.7,2.7,1994,9,8.8,"02-Nov-1994 09:00:00"
0,4,1994,10,9.4,"02-Nov-1994 10:00:00"
2,5.7,1994,11,9.8,"02-Nov-1994 11:00:00"
4,7.3,1994,12,9.9,"02-Nov-1994 12:00:00"
6,9,1994,13,9.4,"02-Nov-1994 13:00:00"
5.7,8,1994,14,8.7,"02-Nov-1994 14:00:00"
5.3,7,1994,15,8.1,"02-Nov-1994 15:00:00"
5,6,1994,16,7.3,"02-Nov-1994 16:00:00"
4.3,5.7,1994,17,6.4,"02-Nov-1994 17:00:00"
3.7,5.3,1994,18,5.4,"02-Nov-1994 18:00:00"
3,5,1994,19,4.7,"02-Nov-1994 19:00:00"
2.7,4.3,1994,20,4.5,"02-Nov-1994 20:00:00"
2.3,3.7,1994,21,3.9,"02-Nov-1994 21:00:00"
2,3,1994,22,4.2,"02-Nov-1994 22:00:00"
1,2,1994,23,3.4,"02-Nov-1994 23:00:00"
0,1,1994,0,2.6,"03-Nov-1994 00:00:00"
-1,0,1994,1,1.2,"03-Nov-1994 01:00:00"
-1.3,-0.3,1994,2,0.3,"03-Nov-1994 02:00:00"
-1.7,-0.7,1994,3,-0.3,"03-Nov-1994 03:00:00"
-2,-1,1994,4,-0.2,"03-Nov-1994 04:00:00"
-2,-0.7,1994,5,0.65,"03-Nov-1994 05:00:00"
-2,-0.3,1994,6,1.5,"03-Nov-1994 06:00:00"
-2,0,1994,7,3.4,"03-Nov-1994 07:00:00"
-1.3,1.3,1994,8,4.8,"03-Nov-1994 08:00:00"
-0.7,2.7,1994,9,6.2,"03-Nov-1994 09:00:00"
0,4,1994,10,7.4,"03-Nov-1994 10:00:00"
2,6,1994,11,7.7,"03-Nov-1994 11:00:00"
4,8,1994,12,7.6,"03-Nov-1994 12:00:00"
6,10,1994,13,7.5,"03-Nov-1994 13:00:00"
5.7,9.3,1994,14,7.2,"03-Nov-1994 14:00:00"
5.3,8.7,1994,15,6.9,"03-Nov-1994 15:00:00"
5,8,1994,16,6.7,"03-Nov-1994 16:00:00"
4.3,7.3,1994,17,6.6,"03-Nov-1994 17:00:00"
3.7,6.7,1994,18,7,"03-Nov-1994 18:00:00"
3,6,1994,19,7.4,"03-Nov-1994 19:00:00"
2.7,5.7,1994,20,7.5,"03-Nov-1994 20:00:00"
2.3,5.3,1994,21,7.4,"03-Nov-1994 21:00:00"
2,5,1994,22,7.5,"03-Nov-1994 22:00:00"
1.7,4.7,1994,23,7.5,"03-Nov-1994 23:00:00"
1.3,4.3,1994,0,7.5,"04-Nov-1994 00:00:00"
1,4,1994,1,7.4,"04-Nov-1994 01:00:00"
0.7,4,1994,2,7.3,"04-Nov-1994 02:00:00"
0.3,4,1994,3,7.3,"04-Nov-1994 03:00:00"
0,4,1994,4,7.3,"04-Nov-1994 04:00:00"
0.3,4.3,1994,5,7.3,"04-Nov-1994 05:00:00"
0.7,4.7,1994,6,7.1,"04-Nov-1994 06:00:00"
1,5,1994,7,7.1,"04-Nov-1994 07:00:00"
1.7,5.7,1994,8,7.6,"04-Nov-1994 08:00:00"
2.3,6.3,1994,9,8,"04-Nov-1994 09:00:00"
3,7,1994,10,8.1,"04-Nov-1994 10:00:00"
4.3,8,1994,11,8,"04-Nov-1994 11:00:00"
5.7,9,1994,12,7.7,"04-Nov-1994 12:00:00"
7,10,1994,13,7.4,"04-Nov-1994 13:00:00"
6.7,9.3,1994,14,7.1,"04-Nov-1994 14:00:00"
6.3,8.7,1994,15,6.9,"04-Nov-1994 15:00:00"
6,8,1994,16,6.7,"04-Nov-1994 16:00:00"
5.7,7.3,1994,17,6.6,"04-Nov-1994 17:00:00"
5.3,6.7,1994,18,6.8,"04-Nov-1994 18:00:00"
5,6,1994,19,6.6,"04-Nov-1994 19:00:00"
4.7,5.7,1994,20,6.2,"04-Nov-1994 20:00:00"
4.3,5.3,1994,21,6,"04-Nov-1994 21:00:00"
4,5,1994,22,5.9,"04-Nov-1994 22:00:00"
4,5,1994,23,5.75,"04-Nov-1994 23:00:00"
4,5,1994,0,5.6,"05-Nov-1994 00:00:00"
4,5,1994,1,5.3,"05-Nov-1994 01:00:00"
3.7,4.7,1994,2,5.4,"05-Nov-1994 02:00:00"
3.3,4.3,1994,3,5.5,"05-Nov-1994 03:00:00"
3,4,1994,4,5.5,"05-Nov-1994 04:00:00"
3.3,4.7,1994,5,5.6,"05-Nov-1994 05:00:00"
3.7,5.3,1994,6,5.8,"05-Nov-1994 06:00:00"
4,6,1994,7,6.4,"05-Nov-1994 07:00:00"
4.3,6.7,1994,8,7.1,"05-Nov-1994 08:00:00"
4.7,7.3,1994,9,7.6,"05-Nov-1994 09:00:00"
5,8,1994,10,7.9,"05-Nov-1994 10:00:00"
5.7,8.7,1994,11,8.1,"05-Nov-1994 11:00:00"
6.3,9.3,1994,12,8.2,"05-Nov-1994 12:00:00"
7,10,1994,13,8.3,"05-Nov-1994 13:00:00"
6.7,9.3,1994,14,8,"05-Nov-1994 14:00:00"
6.3,8.7,1994,15,7.7,"05-Nov-1994 15:00:00"
6,8,1994,16,7.9,"05-Nov-1994 16:00:00"
5.7,7.7,1994,17,8.1,"05-Nov-1994 17:00:00"
5.3,7.3,1994,18,8.6,"05-Nov-1994 18:00:00"
5,7,1994,19,8.5,"05-Nov-1994 19:00:00"
4.7,7,1994,20,8.1,"05-Nov-1994 20:00:00"
4.3,7,1994,21,7.7,"05-Nov-1994 21:00:00"
4,7,1994,22,7.4,"05-Nov-1994 22:00:00"
4,6.3,1994,23,7.1,"05-Nov-1994 23:00:00"
4,5.7,1994,0,6.8,"06-Nov-1994 00:00:00"
4,5,1994,1,6.7,"06-Nov-1994 01:00:00"
3.7,5,1994,2,6.6,"06-Nov-1994 02:00:00"
3.3,5,1994,3,6.3,"06-Nov-1994 03:00:00"
3,5,1994,4,5.9,"06-Nov-1994 04:00:00"
3,5.3,1994,5,5.6,"06-Nov-1994 05:00:00"
3,5.7,1994,6,5.5,"06-Nov-1994 06:00:00"
3,6,1994,7,6,"06-Nov-1994 07:00:00"
3.7,7,1994,8,7,"06-Nov-1994 08:00:00"
4.3,8,1994,9,7.8,"06-Nov-1994 09:00:00"
5,9,1994,10,8.1,"06-Nov-1994 10:00:00"
5.7,9.3,1994,11,8.3,"06-Nov-1994 11:00:00"
6.3,9.7,1994,12,8.3,"06-Nov-1994 12:00:00"
7,10,1994,13,8.1,"06-Nov-1994 13:00:00"
6.7,9.3,1994,14,7.7,"06-Nov-1994 14:00:00"
6.3,8.7,1994,15,7,"06-Nov-1994 15:00:00"
6,8,1994,16,6.5,"06-Nov-1994 16:00:00"
5.7,7.7,1994,17,6.6,"06-Nov-1994 17:00:00"
5.3,7.3,1994,18,6.8,"06-Nov-1994 18:00:00"
5,7,1994,19,6.7,"06-Nov-1994 19:00:00"
4.3,6.7,1994,20,6.5,"06-Nov-1994 20:00:00"
3.7,6.3,1994,21,6.1,"06-Nov-1994 21:00:00"
3,6,1994,22,6.3,"06-Nov-1994 22:00:00"
2.7,5.7,1994,23,6.45,"06-Nov-1994 23:00:00"
2.3,5.3,1994,0,6.6,"07-Nov-1994 00:00:00"
2,5,1994,1,6.6,"07-Nov-1994 01:00:00"
1.7,5,1994,2,6.7,"07-Nov-1994 02:00:00"
1.3,5,1994,3,6.6,"07-Nov-1994 03:00:00"
1,5,1994,4,6.4,"07-Nov-1994 04:00:00"
2,5,1994,5,6.4,"07-Nov-1994 05:00:00"
3,5,1994,6,6.4,"07-Nov-1994 06:00:00"
4,5,1994,7,6.4,"07-Nov-1994 07:00:00"
4.3,5.7,1994,8,6.3,"07-Nov-1994 08:00:00"
4.7,6.3,1994,9,6.3,"07-Nov-1994 09:00:00"
5,7,1994,10,6.2,"07-Nov-1994 10:00:00"
5.3,7.3,1994,11,6.3,"07-Nov-1994 11:00:00"
5.7,7.7,1994,12,6.5,"07-Nov-1994 12:00:00"
6,8,1994,13,6.6,"07-Nov-1994 13:00:00"
6,8,1994,14,6.5,"07-Nov-1994 14:00:00"
6,8,1994,15,6.3,"07-Nov-1994 15:00:00"
6,8,1994,16,6.2,"07-Nov-1994 16:00:00"
5.7,7.7,1994,17,6.1,"07-Nov-1994 17:00:00"
5.3,7.3,1994,18,6.1,"07-Nov-1994 18:00:00"
5,7,1994,19,6.1,"07-Nov-1994 19:00:00"
4.7,6.7,1994,20,6.1,"07-Nov-1994 20:00:00"
4.3,6.3,1994,21,6,"07-Nov-1994 21:00:00"
4,6,1994,22,6.1,"07-Nov-1994 22:00:00"
3.7,5.7,1994,23,6.05,"07-Nov-1994 23:00:00"
3.3,5.3,1994,0,6,"08-Nov-1994 00:00:00"
3,5,1994,1,6,"08-Nov-1994 01:00:00"
3,5,1994,2,6.1,"08-Nov-1994 02:00:00"
3,5,1994,3,6.1,"08-Nov-1994 03:00:00"
3,5,1994,4,6.2,"08-Nov-1994 04:00:00"
3,5,1994,5,6.1,"08-Nov-1994 05:00:00"
3,5,1994,6,6,"08-Nov-1994 06:00:00"
3,5,1994,7,6,"08-Nov-1994 07:00:00"
3.7,5.7,1994,8,6.1,"08-Nov-1994 08:00:00"
4.3,6.3,1994,9,6.1,"08-Nov-1994 09:00:00"
5,7,1994,10,6,"08-Nov-1994 10:00:00"
5,7,1994,11,6,"08-Nov-1994 11:00:00"
5,7,1994,12,6,"08-Nov-1994 12:00:00"
5,7,1994,13,6.1,"08-Nov-1994 13:00:00"
5,6.7,1994,14,6,"08-Nov-1994 14:00:00"
5,6.3,1994,15,5.8,"08-Nov-1994 15:00:00"
5,6,1994,16,5.7,"08-Nov-1994 16:00:00"
4.7,5.7,1994,17,5.6,"08-Nov-1994 17:00:00"
4.3,5.3,1994,18,5.6,"08-Nov-1994 18:00:00"
4,5,1994,19,5.5,"08-Nov-1994 19:00:00"
4,5,1994,20,5.4,"08-Nov-1994 20:00:00"
4,5,1994,21,5.3,"08-Nov-1994 21:00:00"
4,5,1994,22,5.2,"08-Nov-1994 22:00:00"
3.7,5,1994,23,5.1,"08-Nov-1994 23:00:00"
3.3,5,1994,0,5,"09-Nov-1994 00:00:00"
3,5,1994,1,5,"09-Nov-1994 01:00:00"
3,5,1994,2,4.9,"09-Nov-1994 02:00:00"
3,5,1994,3,4.9,"09-Nov-1994 03:00:00"
3,5,1994,4,5,"09-Nov-1994 04:00:00"
2.7,5,1994,5,5,"09-Nov-1994 05:00:00"
2.3,5,1994,6,5,"09-Nov-1994 06:00:00"
2,5,1994,7,5,"09-Nov-1994 07:00:00"
2.3,5.7,1994,8,5.3,"09-Nov-1994 08:00:00"
2.7,6.3,1994,9,5.6,"09-Nov-1994 09:00:00"
3,7,1994,10,5.8,"09-Nov-1994 10:00:00"
3.7,7,1994,11,6,"09-Nov-1994 11:00:00"
4.3,7,1994,12,6.3,"09-Nov-1994 12:00:00"
5,7,1994,13,6.3,"09-Nov-1994 13:00:00"
5,6.7,1994,14,6.2,"09-Nov-1994 14:00:00"
5,6.3,1994,15,5.9,"09-Nov-1994 15:00:00"
5,6,1994,16,5.3,"09-Nov-1994 16:00:00"
4.7,5.7,1994,17,5,"09-Nov-1994 17:00:00"
4.3,5.3,1994,18,5.4,"09-Nov-1994 18:00:00"
4,5,1994,19,5.6,"09-Nov-1994 19:00:00"
4,5,1994,20,5.8,"09-Nov-1994 20:00:00"
4,5,1994,21,5.9,"09-Nov-1994 21:00:00"
4,5,1994,22,5.9,"09-Nov-1994 22:00:00"
3.7,5,1994,23,5.8,"09-Nov-1994 23:00:00"
3.3,5,1994,0,5.7,"10-Nov-1994 00:00:00"
3,5,1994,1,5.6,"10-Nov-1994 01:00:00"
3,5,1994,2,5.8,"10-Nov-1994 02:00:00"
3,5,1994,3,5.9,"10-Nov-1994 03:00:00"
3,5,1994,4,6,"10-Nov-1994 04:00:00"
2.7,4.7,1994,5,6,"10-Nov-1994 05:00:00"
2.3,4.3,1994,6,6,"10-Nov-1994 06:00:00"
2,4,1994,7,5.8,"10-Nov-1994 07:00:00"
2,4.3,1994,8,5.7,"10-Nov-1994 08:00:00"
2,4.7,1994,9,6.1,"10-Nov-1994 09:00:00"
2,5,1994,10,6.5,"10-Nov-1994 10:00:00"
2,5.3,1994,11,7.1,"10-Nov-1994 11:00:00"
2,5.7,1994,12,7.5,"10-Nov-1994 12:00:00"
2,6,1994,13,7,"10-Nov-1994 13:00:00"
2,6,1994,14,6.4,"10-Nov-1994 14:00:00"
2,6,1994,15,5.9,"10-Nov-1994 15:00:00"
2,6,1994,16,5.5,"10-Nov-1994 16:00:00"
1.7,5.7,1994,17,5.2,"10-Nov-1994 17:00:00"
1.3,5.3,1994,18,5.2,"10-Nov-1994 18:00:00"
1,5,1994,19,4.9,"10-Nov-1994 19:00:00"
1,4.7,1994,20,4.3,"10-Nov-1994 20:00:00"
1,4.3,1994,21,4.3,"10-Nov-1994 21:00:00"
1,4,1994,22,4.3,"10-Nov-1994 22:00:00"
1,3.7,1994,23,4.9,"10-Nov-1994 23:00:00"
1,3.3,1994,0,5.5,"11-Nov-1994 00:00:00"
1,3,1994,1,5.5,"11-Nov-1994 01:00:00"
0.7,2.7,1994,2,5.2,"11-Nov-1994 02:00:00"
0.3,2.3,1994,3,5,"11-Nov-1994 03:00:00"
0,2,1994,4,4.9,"11-Nov-1994 04:00:00"
0,2.3,1994,5,4.8,"11-Nov-1994 05:00:00"
0,2.7,1994,6,4.8,"11-Nov-1994 06:00:00"
0,3,1994,7,4.7,"11-Nov-1994 07:00:00"
-0.3,3.3,1994,8,5,"11-Nov-1994 08:00:00"
-0.7,3.7,1994,9,5.4,"11-Nov-1994 09:00:00"
-1,4,1994,10,5.2,"11-Nov-1994 10:00:00"
-0.3,4.3,1994,11,5,"11-Nov-1994 11:00:00"
0.3,4.7,1994,12,5.3,"11-Nov-1994 12:00:00"
1,5,1994,13,5.2,"11-Nov-1994 13:00:00"
0.7,4.3,1994,14,4.7,"11-Nov-1994 14:00:00"
0.3,3.7,1994,15,4.2,"11-Nov-1994 15:00:00"
0,3,1994,16,4,"11-Nov-1994 16:00:00"
-0.7,2.7,1994,17,3.8,"11-Nov-1994 17:00:00"
-1.3,2.3,1994,18,4,"11-Nov-1994 18:00:00"
-2,2,1994,19,4.1,"11-Nov-1994 19:00:00"
-1.7,2.7,1994,20,3.6,"11-Nov-1994 20:00:00"
-1.3,3.3,1994,21,3.7,"11-Nov-1994 21:00:00"
-1,4,1994,22,3.7,"11-Nov-1994 22:00:00"
-1.3,3.7,1994,23,3.6,"11-Nov-1994 23:00:00"
-1.7,3.3,1994,0,3.5,"12-Nov-1994 00:00:00"
-2,3,1994,1,3.5,"12-Nov-1994 01:00:00"
-2.7,3,1994,2,3.2,"12-Nov-1994 02:00:00"
-3.3,3,1994,3,2.9,"12-Nov-1994 03:00:00"
-4,3,1994,4,2.8,"12-Nov-1994 04:00:00"
-4.3,3,1994,5,2.5,"12-Nov-1994 05:00:00"
-4.7,3,1994,6,1.8,"12-Nov-1994 06:00:00"
-5,3,1994,7,1.8,"12-Nov-1994 07:00:00"
-4,3,1994,8,2.2,"12-Nov-1994 08:00:00"
-3,3,1994,9,2.9,"12-Nov-1994 09:00:00"
-2,3,1994,10,3.3,"12-Nov-1994 10:00:00"
-0.7,3.3,1994,11,2.2,"12-Nov-1994 11:00:00"
0.7,3.7,1994,12,2,"12-Nov-1994 12:00:00"
2,4,1994,13,2.1,"12-Nov-1994 13:00:00"
1.3,3.7,1994,14,1.6,"12-Nov-1994 14:00:00"
0.7,3.3,1994,15,1.6,"12-Nov-1994 15:00:00"
0,3,1994,16,1.5,"12-Nov-1994 16:00:00"
-1.3,2.7,1994,17,1.4,"12-Nov-1994 17:00:00"
-2.7,2.3,1994,18,1.4,"12-Nov-1994 18:00:00"
-4,2,1994,19,1.5,"12-Nov-1994 19:00:00"
-4,1.7,1994,20,1.6,"12-Nov-1994 20:00:00"
-4,1.3,1994,21,1.7,"12-Nov-1994 21:00:00"
-4,1,1994,22,1.3,"12-Nov-1994 22:00:00"
-3.3,1,1994,23,0.7,"12-Nov-1994 23:00:00"
-2.7,1,1994,0,0.1,"13-Nov-1994 00:00:00"
-2,1,1994,1,0.1,"13-Nov-1994 01:00:00"
-2.7,0.7,1994,2,0.1,"13-Nov-1994 02:00:00"
-3.3,0.3,1994,3,0.4,"13-Nov-1994 03:00:00"
-4,0,1994,4,0.6,"13-Nov-1994 04:00:00"
-3,0.3,1994,5,0.3,"13-Nov-1994 05:00:00"
-2,0.7,1994,6,0.1,"13-Nov-1994 06:00:00"
-1,1,1994,7,0.2,"13-Nov-1994 07:00:00"
-0.3,1.3,1994,8,0.5,"13-Nov-1994 08:00:00"
0.3,1.7,1994,9,0.7,"13-Nov-1994 09:00:00"
1,2,1994,10,0.9,"13-Nov-1994 10:00:00"
0.7,2,1994,11,0.9,"13-Nov-1994 11:00:00"
0.3,2,1994,12,1.4,"13-Nov-1994 12:00:00"
0,2,1994,13,1.4,"13-Nov-1994 13:00:00"
0,2,1994,14,1.3,"13-Nov-1994 14:00:00"
0,2,1994,15,1.2,"13-Nov-1994 15:00:00"
0,2,1994,16,1.4,"13-Nov-1994 16:00:00"
-0.7,2,1994,17,1.7,"13-Nov-1994 17:00:00"
-1.3,2,1994,18,2,"13-Nov-1994 18:00:00"
-2,2,1994,19,2.1,"13-Nov-1994 19:00:00"
-2,2,1994,20,2.1,"13-Nov-1994 20:00:00"
-2,2,1994,21,1.8,"13-Nov-1994 21:00:00"
-2,2,1994,22,1.4,"13-Nov-1994 22:00:00"
-2,1.7,1994,23,1.8,"13-Nov-1994 23:00:00"
-2,1.3,1994,0,2.2,"14-Nov-1994 00:00:00"
-2,1,1994,1,2.9,"14-Nov-1994 01:00:00"
-1.7,1.3,1994,2,3.4,"14-Nov-1994 02:00:00"
-1.3,1.7,1994,3,3.8,"14-Nov-1994 03:00:00"
-1,2,1994,4,4.2,"14-Nov-1994 04:00:00"
0,3.3,1994,5,4.9,"14-Nov-1994 05:00:00"
1,4.7,1994,6,6.1,"14-Nov-1994 06:00:00"
2,6,1994,7,7.1,"14-Nov-1994 07:00:00"
2.3,6.3,1994,8,7.9,"14-Nov-1994 08:00:00"
2.7,6.7,1994,9,8.4,"14-Nov-1994 09:00:00"
3,7,1994,10,8.9,"14-Nov-1994 10:00:00"
3.7,7.7,1994,11,9.4,"14-Nov-1994 11:00:00"
4.3,8.3,1994,12,9.7,"14-Nov-1994 12:00:00"
5,9,1994,13,10,"14-Nov-1994 13:00:00"
5.7,9.3,1994,14,10.4,"14-Nov-1994 14:00:00"
6.3,9.7,1994,15,10.2,"14-Nov-1994 15:00:00"
7,10,1994,16,10.4,"14-Nov-1994 16:00:00"
7,10,1994,17,10.6,"14-Nov-1994 17:00:00"
7,10,1994,18,11.1,"14-Nov-1994 18:00:00"
7,10,1994,19,10.9,"14-Nov-1994 19:00:00"
7.3,10,1994,20,10.6,"14-Nov-1994 20:00:00"
7.7,10,1994,21,10.4,"14-Nov-1994 21:00:00"
8,10,1994,22,10.2,"14-Nov-1994 22:00:00"
8,9.7,1994,23,10.05,"14-Nov-1994 23:00:00"
8,9.3,1994,0,9.9,"15-Nov-1994 00:00:00"
8,9,1994,1,9.2,"15-Nov-1994 01:00:00"
7.3,8.7,1994,2,9.2,"15-Nov-1994 02:00:00"
6.7,8.3,1994,3,9.6,"15-Nov-1994 03:00:00"
6,8,1994,4,9.5,"15-Nov-1994 04:00:00"
6,8,1994,5,9.5,"15-Nov-1994 05:00:00"
6,8,1994,6,9.5,"15-Nov-1994 06:00:00"
6,8,1994,7,9.4,"15-Nov-1994 07:00:00"
6.3,8.3,1994,8,9.5,"15-Nov-1994 08:00:00"
6.7,8.7,1994,9,9.6,"15-Nov-1994 09:00:00"
7,9,1994,10,9.9,"15-Nov-1994 10:00:00"
7.3,9,1994,11,8.5,"15-Nov-1994 11:00:00"
7.7,9,1994,12,9.1,"15-Nov-1994 12:00:00"
8,9,1994,13,8.7,"15-Nov-1994 13:00:00"
7.7,9,1994,14,8.2,"15-Nov-1994 14:00:00"
7.3,9,1994,15,7.7,"15-Nov-1994 15:00:00"
7,9,1994,16,7.4,"15-Nov-1994 16:00:00"
6.7,8.7,1994,17,7.7,"15-Nov-1994 17:00:00"
6.3,8.3,1994,18,7.7,"15-Nov-1994 18:00:00"
6,8,1994,19,7.6,"15-Nov-1994 19:00:00"
6,7.7,1994,20,7.7,"15-Nov-1994 20:00:00"
6,7.3,1994,21,7.8,"15-Nov-1994 21:00:00"
6,7,1994,22,7.9,"15-Nov-1994 22:00:00"
6,7,1994,23,7.85,"15-Nov-1994 23:00:00"
6,7,1994,0,7.8,"16-Nov-1994 00:00:00"
6,7,1994,1,7.8,"16-Nov-1994 01:00:00"
5.7,6.7,1994,2,7.7,"16-Nov-1994 02:00:00"
5.3,6.3,1994,3,7.9,"16-Nov-1994 03:00:00"
5,6,1994,4,8,"16-Nov-1994 04:00:00"
5.3,6.7,1994,5,8.1,"16-Nov-1994 05:00:00"
5.7,7.3,1994,6,8,"16-Nov-1994 06:00:00"
6,8,1994,7,7.9,"16-Nov-1994 07:00:00"
6.7,8.3,1994,8,7.5,"16-Nov-1994 08:00:00"
7.3,8.7,1994,9,7.4,"16-Nov-1994 09:00:00"
8,9,1994,10,8,"16-Nov-1994 10:00:00"
7.7,9,1994,11,8.1,"16-Nov-1994 11:00:00"
7.3,9,1994,12,8.2,"16-Nov-1994 12:00:00"
7,9,1994,13,8.1,"16-Nov-1994 13:00:00"
7,8.7,1994,14,8.1,"16-Nov-1994 14:00:00"
7,8.3,1994,15,8,"16-Nov-1994 15:00:00"
7,8,1994,16,7.8,"16-Nov-1994 16:00:00"
6.7,7.7,1994,17,7.4,"16-Nov-1994 17:00:00"
6.3,7.3,1994,18,7.2,"16-Nov-1994 18:00:00"
6,7,1994,19,7.1,"16-Nov-1994 19:00:00"
4.7,6.7,1994,20,6.9,"16-Nov-1994 20:00:00"
3.3,6.3,1994,21,6.7,"16-Nov-1994 21:00:00"
2,6,1994,22,6.1,"16-Nov-1994 22:00:00"
1.7,6,1994,23,5.75,"16-Nov-1994 23:00:00"
1.3,6,1994,0,5.4,"17-Nov-1994 00:00:00"
1,6,1994,1,5.2,"17-Nov-1994 01:00:00"
0.7,6,1994,2,4.9,"17-Nov-1994 02:00:00"
0.3,6,1994,3,4.8,"17-Nov-1994 03:00:00"
0,6,1994,4,5.4,"17-Nov-1994 04:00:00"
1,6,1994,5,5.9,"17-Nov-1994 05:00:00"
2,6,1994,6,6.4,"17-Nov-1994 06:00:00"
3,6,1994,7,6.6,"17-Nov-1994 07:00:00"
3.7,6.3,1994,8,6.8,"17-Nov-1994 08:00:00"
4.3,6.7,1994,9,6.5,"17-Nov-1994 09:00:00"
5,7,1994,10,5.6,"17-Nov-1994 10:00:00"
4.7,7.3,1994,11,5.4,"17-Nov-1994 11:00:00"
4.3,7.7,1994,12,5.9,"17-Nov-1994 12:00:00"
4,8,1994,13,6.4,"17-Nov-1994 13:00:00"
4,8,1994,14,6.4,"17-Nov-1994 14:00:00"
4,8,1994,15,6.1,"17-Nov-1994 15:00:00"
4,8,1994,16,5.7,"17-Nov-1994 16:00:00"
4,7.7,1994,17,5.4,"17-Nov-1994 17:00:00"
4,7.3,1994,18,5.3,"17-Nov-1994 18:00:00"
4,7,1994,19,5.5,"17-Nov-1994 19:00:00"
3.7,7,1994,20,5.7,"17-Nov-1994 20:00:00"
3.3,7,1994,21,5.8,"17-Nov-1994 21:00:00"
3,7,1994,22,5.1,"17-Nov-1994 22:00:00"
2.7,7,1994,23,4.95,"17-Nov-1994 23:00:00"
2.3,7,1994,0,4.8,"18-Nov-1994 00:00:00"
2,7,1994,1,4.9,"18-Nov-1994 01:00:00"
1.7,6,1994,2,4.9,"18-Nov-1994 02:00:00"
1.3,5,1994,3,4.9,"18-Nov-1994 03:00:00"
1,4,1994,4,4.5,"18-Nov-1994 04:00:00"
1.3,3.7,1994,5,3.9,"18-Nov-1994 05:00:00"
1.7,3.3,1994,6,3.8,"18-Nov-1994 06:00:00"
2,3,1994,7,4,"18-Nov-1994 07:00:00"
2,3.3,1994,8,4.4,"18-Nov-1994 08:00:00"
2,3.7,1994,9,4.6,"18-Nov-1994 09:00:00"
2,4,1994,10,4.6,"18-Nov-1994 10:00:00"
2,4.3,1994,11,4.6,"18-Nov-1994 11:00:00"
2,4.7,1994,12,4.5,"18-Nov-1994 12:00:00"
2,5,1994,13,4.4,"18-Nov-1994 13:00:00"
1.7,4,1994,14,4.1,"18-Nov-1994 14:00:00"
1.3,3,1994,15,3.8,"18-Nov-1994 15:00:00"
1,2,1994,16,3,"18-Nov-1994 16:00:00"
0.3,1.3,1994,17,2.4,"18-Nov-1994 17:00:00"
-0.3,0.7,1994,18,1.9,"18-Nov-1994 18:00:00"
-1,0,1994,19,1.5,"18-Nov-1994 19:00:00"
-1.3,-0.3,1994,20,0.5,"18-Nov-1994 20:00:00"
-1.7,-0.7,1994,21,-0.6,"18-Nov-1994 21:00:00"
-2,-1,1994,22,-1.2,"18-Nov-1994 22:00:00"
-3,-1.3,1994,23,-0.65,"18-Nov-1994 23:00:00"
-4,-1.7,1994,0,-0.1,"19-Nov-1994 00:00:00"
-5,-2,1994,1,-0.15,"19-Nov-1994 01:00:00"
-5.3,-2,1994,2,-0.2,"19-Nov-1994 02:00:00"
-5.7,-2,1994,3,-0.0333333333333334,"19-Nov-1994 03:00:00"
-6,-2,1994,4,0.133333333333333,"19-Nov-1994 04:00:00"
-5,-1.7,1994,5,0.3,"19-Nov-1994 05:00:00"
-4,-1.3,1994,6,0.5,"19-Nov-1994 06:00:00"
-3,-1,1994,7,0.7,"19-Nov-1994 07:00:00"
-2,0,1994,8,0.9,"19-Nov-1994 08:00:00"
-1,1,1994,9,1.7,"19-Nov-1994 09:00:00"
0,2,1994,10,2.5,"19-Nov-1994 10:00:00"
0.3,2.7,1994,11,2.9,"19-Nov-1994 11:00:00"
0.7,3.3,1994,12,3.9,"19-Nov-1994 12:00:00"
1,4,1994,13,5,"19-Nov-1994 13:00:00"
0.3,4.3,1994,14,4.8,"19-Nov-1994 14:00:00"
-0.3,4.7,1994,15,4.8,"19-Nov-1994 15:00:00"
-1,5,1994,16,4.9,"19-Nov-1994 16:00:00"
-1,5.3,1994,17,5,"19-Nov-1994 17:00:00"
-1,5.7,1994,18,5,"19-Nov-1994 18:00:00"
-1,6,1994,19,4.7,"19-Nov-1994 19:00:00"
-0.7,6,1994,20,4.6,"19-Nov-1994 20:00:00"
-0.3,6,1994,21,4.9,"19-Nov-1994 21:00:00"
0,6,1994,22,5.2,"19-Nov-1994 22:00:00"
0.7,6.3,1994,23,5.6,"19-Nov-1994 23:00:00"
1.3,6.7,1994,0,6,"20-Nov-1994 00:00:00"
2,7,1994,1,6.3,"20-Nov-1994 01:00:00"
2.7,7,1994,2,6.7,"20-Nov-1994 02:00:00"
3.3,7,1994,3,7.3,"20-Nov-1994 03:00:00"
4,7,1994,4,7.5,"20-Nov-1994 04:00:00"
4.3,7,1994,5,7.8,"20-Nov-1994 05:00:00"
4.7,7,1994,6,7.8,"20-Nov-1994 06:00:00"
5,7,1994,7,8,"20-Nov-1994 07:00:00"
5.3,7.3,1994,8,8.7,"20-Nov-1994 08:00:00"
5.7,7.7,1994,9,9.6,"20-Nov-1994 09:00:00"
6,8,1994,10,10.1,"20-Nov-1994 10:00:00"
6,8.3,1994,11,10.8,"20-Nov-1994 11:00:00"
6,8.7,1994,12,11.1,"20-Nov-1994 12:00:00"
6,9,1994,13,10.9,"20-Nov-1994 13:00:00"
6.3,8.7,1994,14,10.7,"20-Nov-1994 14:00:00"
6.7,8.3,1994,15,10.5,"20-Nov-1994 15:00:00"
7,8,1994,16,10.3,"20-Nov-1994 16:00:00"
6.7,8,1994,17,10.2,"20-Nov-1994 17:00:00"
6.3,8,1994,18,9.4,"20-Nov-1994 18:00:00"
6,8,1994,19,8.4,"20-Nov-1994 19:00:00"
6,7.7,1994,20,8.2,"20-Nov-1994 20:00:00"
6,7.3,1994,21,8.1,"20-Nov-1994 21:00:00"
6,7,1994,22,8.1,"20-Nov-1994 22:00:00"
6,7,1994,23,7.95,"20-Nov-1994 23:00:00"
6,7,1994,0,7.8,"21-Nov-1994 00:00:00"
6,7,1994,1,7.9,"21-Nov-1994 01:00:00"
6,7,1994,2,7.9,"21-Nov-1994 02:00:00"
6,7,1994,3,8,"21-Nov-1994 03:00:00"
6,7,1994,4,7.9,"21-Nov-1994 04:00:00"
6,7,1994,5,7.7,"21-Nov-1994 05:00:00"
6,7,1994,6,7.3,"21-Nov-1994 06:00:00"
6,7,1994,7,7.1,"21-Nov-1994 07:00:00"
6,7,1994,8,7.5,"21-Nov-1994 08:00:00"
6,7,1994,9,7.9,"21-Nov-1994 09:00:00"
6,7,1994,10,8.3,"21-Nov-1994 10:00:00"
6.3,7.7,1994,11,8.1,"21-Nov-1994 11:00:00"
6.7,8.3,1994,12,8.4,"21-Nov-1994 12:00:00"
7,9,1994,13,8.4,"21-Nov-1994 13:00:00"
7,8.7,1994,14,7.7,"21-Nov-1994 14:00:00"
7,8.3,1994,15,6.6,"21-Nov-1994 15:00:00"
7,8,1994,16,6.8,"21-Nov-1994 16:00:00"
6.3,8,1994,17,6.3,"21-Nov-1994 17:00:00"
5.7,8,1994,18,5.5,"21-Nov-1994 18:00:00"
5,8,1994,19,4.9,"21-Nov-1994 19:00:00"
4,7.3,1994,20,4.5,"21-Nov-1994 20:00:00"
3,6.7,1994,21,5.1,"21-Nov-1994 21:00:00"
2,6,1994,22,4.6,"21-Nov-1994 22:00:00"
1.7,6,1994,23,4.65,"21-Nov-1994 23:00:00"
1.3,6,1994,0,4.7,"22-Nov-1994 00:00:00"
1,6,1994,1,4.2,"22-Nov-1994 01:00:00"
1,5.7,1994,2,3.8,"22-Nov-1994 02:00:00"
1,5.3,1994,3,4.2,"22-Nov-1994 03:00:00"
1,5,1994,4,4.9,"22-Nov-1994 04:00:00"
2.3,5,1994,5,5,"22-Nov-1994 05:00:00"
3.7,5,1994,6,5.3,"22-Nov-1994 06:00:00"
5,5,1994,7,5.3,"22-Nov-1994 07:00:00"
5.3,5.7,1994,8,5.7,"22-Nov-1994 08:00:00"
5.7,6.3,1994,9,6.3,"22-Nov-1994 09:00:00"
6,7,1994,10,6.8,"22-Nov-1994 10:00:00"
6.3,7.3,1994,11,7.5,"22-Nov-1994 11:00:00"
6.7,7.7,1994,12,7.1,"22-Nov-1994 12:00:00"
7,8,1994,13,6.6,"22-Nov-1994 13:00:00"
6.7,8,1994,14,6.3,"22-Nov-1994 14:00:00"
6.3,8,1994,15,6.1,"22-Nov-1994 15:00:00"
6,8,1994,16,5.9,"22-Nov-1994 16:00:00"
5.7,7.7,1994,17,5.6,"22-Nov-1994 17:00:00"
5.3,7.3,1994,18,5.5,"22-Nov-1994 18:00:00"
5,7,1994,19,5.5,"22-Nov-1994 19:00:00"
4.7,6.7,1994,20,5.7,"22-Nov-1994 20:00:00"
4.3,6.3,1994,21,5.9,"22-Nov-1994 21:00:00"
4,6,1994,22,5.7,"22-Nov-1994 22:00:00"
4,5.7,1994,23,5.55,"22-Nov-1994 23:00:00"
4,5.3,1994,0,5.4,"23-Nov-1994 00:00:00"
4,5,1994,1,5.1,"23-Nov-1994 01:00:00"
3.7,5,1994,2,4.8,"23-Nov-1994 02:00:00"
3.3,5,1994,3,4.6,"23-Nov-1994 03:00:00"
3,5,1994,4,4.6,"23-Nov-1994 04:00:00"
3.7,5.3,1994,5,4.4,"23-Nov-1994 05:00:00"
4.3,5.7,1994,6,4.2,"23-Nov-1994 06:00:00"
5,6,1994,7,4.7,"23-Nov-1994 07:00:00"
5.7,6.3,1994,8,5,"23-Nov-1994 08:00:00"
6.3,6.7,1994,9,5.3,"23-Nov-1994 09:00:00"
7,7,1994,10,5.1,"23-Nov-1994 10:00:00"
7,7.7,1994,11,5.3,"23-Nov-1994 11:00:00"
7,8.3,1994,12,5.6,"23-Nov-1994 12:00:00"
7,9,1994,13,5.5,"23-Nov-1994 13:00:00"
7.3,9,1994,14,5.6,"23-Nov-1994 14:00:00"
7.7,9,1994,15,5.5,"23-Nov-1994 15:00:00"
8,9,1994,16,5.5,"23-Nov-1994 16:00:00"
8,9,1994,17,6.2,"23-Nov-1994 17:00:00"
8,9,1994,18,6.7,"23-Nov-1994 18:00:00"
8,9,1994,19,7.1,"23-Nov-1994 19:00:00"
7.3,8.3,1994,20,7.7,"23-Nov-1994 20:00:00"
6.7,7.7,1994,21,8.1,"23-Nov-1994 21:00:00"
6,7,1994,22,8.2,"23-Nov-1994 22:00:00"
6,7.3,1994,23,8.5,"23-Nov-1994 23:00:00"
6,7.7,1994,0,8.8,"24-Nov-1994 00:00:00"
6,8,1994,1,9.1,"24-Nov-1994 01:00:00"
6.3,8.3,1994,2,9.3,"24-Nov-1994 02:00:00"
6.7,8.7,1994,3,9.7,"24-Nov-1994 03:00:00"
7,9,1994,4,9.5,"24-Nov-1994 04:00:00"
7.3,9,1994,5,8,"24-Nov-1994 05:00:00"
7.7,9,1994,6,7.6,"24-Nov-1994 06:00:00"
8,9,1994,7,7.3,"24-Nov-1994 07:00:00"
7.7,9,1994,8,7.2,"24-Nov-1994 08:00:00"
7.3,9,1994,9,7.4,"24-Nov-1994 09:00:00"
7,9,1994,10,7.9,"24-Nov-1994 10:00:00"
6.7,8.7,1994,11,7.9,"24-Nov-1994 11:00:00"
6.3,8.3,1994,12,7.9,"24-Nov-1994 12:00:00"
6,8,1994,13,8.2,"24-Nov-1994 13:00:00"
6,7.7,1994,14,8.3,"24-Nov-1994 14:00:00"
6,7.3,1994,15,8.2,"24-Nov-1994 15:00:00"
6,7,1994,16,8.1,"24-Nov-1994 16:00:00"
5.7,6.7,1994,17,7.9,"24-Nov-1994 17:00:00"
5.3,6.3,1994,18,7.8,"24-Nov-1994 18:00:00"
5,6,1994,19,7.9,"24-Nov-1994 19:00:00"
4.7,6,1994,20,7.7,"24-Nov-1994 20:00:00"
4.3,6,1994,21,6.9,"24-Nov-1994 21:00:00"
4,6,1994,22,6.6,"24-Nov-1994 22:00:00"
3.7,5.7,1994,23,6.4,"24-Nov-1994 23:00:00"
3.3,5.3,1994,0,6.2,"25-Nov-1994 00:00:00"
3,5,1994,1,6,"25-Nov-1994 01:00:00"
2,4.3,1994,2,5.9,"25-Nov-1994 02:00:00"
1,3.7,1994,3,5.9,"25-Nov-1994 03:00:00"
0,3,1994,4,5.8,"25-Nov-1994 04:00:00"
0,3,1994,5,5.1,"25-Nov-1994 05:00:00"
0,3,1994,6,4.6,"25-Nov-1994 06:00:00"
0,3,1994,7,4.6,"25-Nov-1994 07:00:00"
0.3,3.7,1994,8,4.8,"25-Nov-1994 08:00:00"
0.7,4.3,1994,9,5.6,"25-Nov-1994 09:00:00"
1,5,1994,10,6.1,"25-Nov-1994 10:00:00"
1.3,5,1994,11,6.4,"25-Nov-1994 11:00:00"
1.7,5,1994,12,6.5,"25-Nov-1994 12:00:00"
2,5,1994,13,6,"25-Nov-1994 13:00:00"
1.3,4.3,1994,14,4.8,"25-Nov-1994 14:00:00"
0.7,3.7,1994,15,4,"25-Nov-1994 15:00:00"
0,3,1994,16,2.7,"25-Nov-1994 16:00:00"
-0.3,2.7,1994,17,2.1,"25-Nov-1994 17:00:00"
-0.7,2.3,1994,18,2.4,"25-Nov-1994 18:00:00"
-1,2,1994,19,2.4,"25-Nov-1994 19:00:00"
-1.3,1.7,1994,20,2.1,"25-Nov-1994 20:00:00"
-1.7,1.3,1994,21,2.6,"25-Nov-1994 21:00:00"
-2,1,1994,22,2.3,"25-Nov-1994 22:00:00"
-2.3,0.3,1994,23,2.3,"25-Nov-1994 23:00:00"
-2.7,-0.3,1994,0,2.3,"26-Nov-1994 00:00:00"
-3,-1,1994,1,2.3,"26-Nov-1994 01:00:00"
-3,-1,1994,2,2.2,"26-Nov-1994 02:00:00"
-3,-1,1994,3,2.9,"26-Nov-1994 03:00:00"
-3,-1,1994,4,3.4,"26-Nov-1994 04:00:00"
-2.7,0,1994,5,3.9,"26-Nov-1994 05:00:00"
-2.3,1,1994,6,4.5,"26-Nov-1994 06:00:00"
-2,2,1994,7,5,"26-Nov-1994 07:00:00"
-1.3,2.3,1994,8,5.3,"26-Nov-1994 08:00:00"
-0.7,2.7,1994,9,5.7,"26-Nov-1994 09:00:00"
0,3,1994,10,6.2,"26-Nov-1994 10:00:00"
1,4,1994,11,6.7,"26-Nov-1994 11:00:00"
2,5,1994,12,6.8,"26-Nov-1994 12:00:00"
3,6,1994,13,6.9,"26-Nov-1994 13:00:00"
3.3,6.3,1994,14,6.9,"26-Nov-1994 14:00:00"
3.7,6.7,1994,15,7,"26-Nov-1994 15:00:00"
4,7,1994,16,6.9,"26-Nov-1994 16:00:00"
4,6.7,1994,17,6.7,"26-Nov-1994 17:00:00"
4,6.3,1994,18,6.8,"26-Nov-1994 18:00:00"
4,6,1994,19,6.7,"26-Nov-1994 19:00:00"
3.7,6,1994,20,6.6,"26-Nov-1994 20:00:00"
3.3,6,1994,21,6.7,"26-Nov-1994 21:00:00"
3,6,1994,22,6.6,"26-Nov-1994 22:00:00"
3,5.7,1994,23,6.5,"26-Nov-1994 23:00:00"
3,5.3,1994,0,6.4,"27-Nov-1994 00:00:00"
3,5,1994,1,6.4,"27-Nov-1994 01:00:00"
3,4.7,1994,2,6.2,"27-Nov-1994 02:00:00"
3,4.3,1994,3,6.2,"27-Nov-1994 03:00:00"
3,4,1994,4,5.8,"27-Nov-1994 04:00:00"
3,4.3,1994,5,5.4,"27-Nov-1994 05:00:00"
3,4.7,1994,6,5.5,"27-Nov-1994 06:00:00"
3,5,1994,7,5.6,"27-Nov-1994 07:00:00"
3.3,5.7,1994,8,5.7,"27-Nov-1994 08:00:00"
3.7,6.3,1994,9,6,"27-Nov-1994 09:00:00"
4,7,1994,10,6,"27-Nov-1994 10:00:00"
4,7,1994,11,5.9,"27-Nov-1994 11:00:00"
4,7,1994,12,6,"27-Nov-1994 12:00:00"
4,7,1994,13,6.1,"27-Nov-1994 13:00:00"
3.7,7,1994,14,6.5,"27-Nov-1994 14:00:00"
3.3,7,1994,15,6.8,"27-Nov-1994 15:00:00"
3,7,1994,16,7.6,"27-Nov-1994 16:00:00"
3,6.7,1994,17,8.5,"27-Nov-1994 17:00:00"
3,6.3,1994,18,8.7,"27-Nov-1994 18:00:00"
3,6,1994,19,8.4,"27-Nov-1994 19:00:00"
4,6.7,1994,20,8.1,"27-Nov-1994 20:00:00"
5,7.3,1994,21,8.2,"27-Nov-1994 21:00:00"
6,8,1994,22,8.5,"27-Nov-1994 22:00:00"
6,7.7,1994,23,7.95,"27-Nov-1994 23:00:00"
6,7.3,1994,0,7.4,"28-Nov-1994 00:00:00"
6,7,1994,1,6.8,"28-Nov-1994 01:00:00"
6,7,1994,2,6.2,"28-Nov-1994 02:00:00"
6,7,1994,3,5.9,"28-Nov-1994 03:00:00"
6,7,1994,4,5.5,"28-Nov-1994 04:00:00"
5,6.3,1994,5,5.3,"28-Nov-1994 05:00:00"
4,5.7,1994,6,4.9,"28-Nov-1994 06:00:00"
3,5,1994,7,4.6,"28-Nov-1994 07:00:00"
3.7,5.3,1994,8,5.4,"28-Nov-1994 08:00:00"
4.3,5.7,1994,9,5.9,"28-Nov-1994 09:00:00"
5,6,1994,10,6.4,"28-Nov-1994 10:00:00"
5.3,6.3,1994,11,7.1,"28-Nov-1994 11:00:00"
5.7,6.7,1994,12,7.3,"28-Nov-1994 12:00:00"
6,7,1994,13,7.4,"28-Nov-1994 13:00:00"
6,7,1994,14,7.8,"28-Nov-1994 14:00:00"
6,7,1994,15,7.7,"28-Nov-1994 15:00:00"
6,7,1994,16,7.6,"28-Nov-1994 16:00:00"
5.7,6.7,1994,17,7.9,"28-Nov-1994 17:00:00"
5.3,6.3,1994,18,7.6,"28-Nov-1994 18:00:00"
5,6,1994,19,7.1,"28-Nov-1994 19:00:00"
4.7,5.7,1994,20,6.8,"28-Nov-1994 20:00:00"
4.3,5.3,1994,21,6.8,"28-Nov-1994 21:00:00"
4,5,1994,22,6.6,"28-Nov-1994 22:00:00"
3.7,5,1994,23,6.65,"28-Nov-1994 23:00:00"
3.3,5,1994,0,6.7,"29-Nov-1994 00:00:00"
3,5,1994,1,6.4,"29-Nov-1994 01:00:00"
2.7,4.7,1994,2,6.6,"29-Nov-1994 02:00:00"
2.3,4.3,1994,3,6.8,"29-Nov-1994 03:00:00"
2,4,1994,4,6.6,"29-Nov-1994 04:00:00"
2.3,4.7,1994,5,6.8,"29-Nov-1994 05:00:00"
2.7,5.3,1994,6,7.3,"29-Nov-1994 06:00:00"
3,6,1994,7,7.1,"29-Nov-1994 07:00:00"
3,6,1994,8,6.9,"29-Nov-1994 08:00:00"
3,6,1994,9,7.2,"29-Nov-1994 09:00:00"
3,6,1994,10,7.6,"29-Nov-1994 10:00:00"
3.7,6,1994,11,7.5,"29-Nov-1994 11:00:00"
4.3,6,1994,12,7.5,"29-Nov-1994 12:00:00"
5,6,1994,13,7,"29-Nov-1994 13:00:00"
4.7,6,1994,14,6.4,"29-Nov-1994 14:00:00"
4.3,6,1994,15,5.8,"29-Nov-1994 15:00:00"
4,6,1994,16,4.7,"29-Nov-1994 16:00:00"
3,5.3,1994,17,4.1,"29-Nov-1994 17:00:00"
2,4.7,1994,18,3.8,"29-Nov-1994 18:00:00"
1,4,1994,19,4.6,"29-Nov-1994 19:00:00"
0,3.7,1994,20,4.6,"29-Nov-1994 20:00:00"
-1,3.3,1994,21,6.3,"29-Nov-1994 21:00:00"
-2,3,1994,22,6.8,"29-Nov-1994 22:00:00"
-2.3,2.3,1994,23,6.9,"29-Nov-1994 23:00:00"
-2.7,1.7,1994,0,7,"30-Nov-1994 00:00:00"
-3,1,1994,1,6.8,"30-Nov-1994 01:00:00"
-3,0.7,1994,2,6.7,"30-Nov-1994 02:00:00"
-3,0.3,1994,3,6.6,"30-Nov-1994 03:00:00"
-3,0,1994,4,6.2,"30-Nov-1994 04:00:00"
-2.7,1.7,1994,5,5.3,"30-Nov-1994 05:00:00"
-2.3,3.3,1994,6,4.6,"30-Nov-1994 06:00:00"
-2,5,1994,7,3.9,"30-Nov-1994 07:00:00"
-0.3,5.3,1994,8,3.9,"30-Nov-1994 08:00:00"
1.3,5.7,1994,9,4.3,"30-Nov-1994 09:00:00"
3,6,1994,10,4.8,"30-Nov-1994 10:00:00"
3.3,6,1994,11,5.3,"30-Nov-1994 11:00:00"
3.7,6,1994,12,5.7,"30-Nov-1994 12:00:00"
4,6,1994,13,5.9,"30-Nov-1994 13:00:00"
3,5.7,1994,14,5.1,"30-Nov-1994 14:00:00"
2,5.3,1994,15,3.8,"30-Nov-1994 15:00:00"
1,5,1994,16,1.8,"30-Nov-1994 16:00:00"
0.3,4.3,1994,17,0.9,"30-Nov-1994 17:00:00"
-0.3,3.7,1994,18,0.2,"30-Nov-1994 18:00:00"
-1,3,1994,19,-0.6,"30-Nov-1994 19:00:00"
-2.3,1.3,1994,20,-0.9,"30-Nov-1994 20:00:00"
-3.7,-0.3,1994,21,-0.8,"30-Nov-1994 21:00:00"
-5,-2,1994,22,-0.6,"30-Nov-1994 22:00:00"
-5.3,-2,1994,23,-0.7,"30-Nov-1994 23:00:00"
-5.7,-2,1994,0,-0.8,"01-Dec-1994 00:00:00"
-6,-2,1994,1,-0.8,"01-Dec-1994 01:00:00"
-5.7,-2,1994,2,-0.8,"01-Dec-1994 02:00:00"
-5.3,-2,1994,3,-1.5,"01-Dec-1994 03:00:00"
-5,-2,1994,4,-0.6,"01-Dec-1994 04:00:00"
-5,-3,1994,5,-1,"01-Dec-1994 05:00:00"
-5,-4,1994,6,-0.45,"01-Dec-1994 06:00:00"
-5,-5,1994,7,0.1,"01-Dec-1994 07:00:00"
-4.7,-4,1994,8,0.8,"01-Dec-1994 08:00:00"
-4.3,-3,1994,9,1.7,"01-Dec-1994 09:00:00"
-4,-2,1994,10,3.2,"01-Dec-1994 10:00:00"
-2.7,-0.3,1994,11,3.8,"01-Dec-1994 11:00:00"
-1.3,1.3,1994,12,4,"01-Dec-1994 12:00:00"
0,3,1994,13,3.8,"01-Dec-1994 13:00:00"
0,3,1994,14,2.5,"01-Dec-1994 14:00:00"
0,3,1994,15,1.7,"01-Dec-1994 15:00:00"
0,3,1994,16,1.4,"01-Dec-1994 16:00:00"
-0.7,2.7,1994,17,1.5,"01-Dec-1994 17:00:00"
-1.3,2.3,1994,18,1.5,"01-Dec-1994 18:00:00"
-2,2,1994,19,1.2,"01-Dec-1994 19:00:00"
-2.3,0.7,1994,20,1.3,"01-Dec-1994 20:00:00"
-2.7,-0.7,1994,21,1.1,"01-Dec-1994 21:00:00"
-3,-2,1994,22,1.3,"01-Dec-1994 22:00:00"
-3.7,-2,1994,23,1.3,"01-Dec-1994 23:00:00"
-4.3,-2,1994,0,1.3,"02-Dec-1994 00:00:00"
-5,-2,1994,1,0.9,"02-Dec-1994 01:00:00"
-5,-2,1994,2,0.6,"02-Dec-1994 02:00:00"
-5,-2,1994,3,0.9,"02-Dec-1994 03:00:00"
-5,-2,1994,4,0.6,"02-Dec-1994 04:00:00"
-5.7,-2,1994,5,0.4,"02-Dec-1994 05:00:00"
-6.3,-2,1994,6,0.8,"02-Dec-1994 06:00:00"
-7,-2,1994,7,0.4,"02-Dec-1994 07:00:00"
-5.7,-1,1994,8,1.3,"02-Dec-1994 08:00:00"
-4.3,0,1994,9,2.6,"02-Dec-1994 09:00:00"
-3,1,1994,10,3.3,"02-Dec-1994 10:00:00"
-2,2,1994,11,3.6,"02-Dec-1994 11:00:00"
-1,3,1994,12,3.7,"02-Dec-1994 12:00:00"
0,4,1994,13,3.3,"02-Dec-1994 13:00:00"
-0.7,3.3,1994,14,2.5,"02-Dec-1994 14:00:00"
-1.3,2.7,1994,15,1.9,"02-Dec-1994 15:00:00"
-2,2,1994,16,1.6,"02-Dec-1994 16:00:00"
-2.3,1,1994,17,1.3,"02-Dec-1994 17:00:00"
-2.7,0,1994,18,1.3,"02-Dec-1994 18:00:00"
-3,-1,1994,19,1.9,"02-Dec-1994 19:00:00"
-3.3,-1.3,1994,20,2,"02-Dec-1994 20:00:00"
-3.7,-1.7,1994,21,1.8,"02-Dec-1994 21:00:00"
-4,-2,1994,22,1.4,"02-Dec-1994 22:00:00"
-4.3,-2,1994,23,1.1,"02-Dec-1994 23:00:00"
-4.7,-2,1994,0,0.8,"03-Dec-1994 00:00:00"
-5,-2,1994,1,0.8,"03-Dec-1994 01:00:00"
-5,-1.7,1994,2,0.8,"03-Dec-1994 02:00:00"
-5,-1.3,1994,3,0.9,"03-Dec-1994 03:00:00"
-5,-1,1994,4,1.6,"03-Dec-1994 04:00:00"
-4.7,-1,1994,5,1.6,"03-Dec-1994 05:00:00"
-4.3,-1,1994,6,1.7,"03-Dec-1994 06:00:00"
-4,-1,1994,7,1.7,"03-Dec-1994 07:00:00"
-3,-0.3,1994,8,1.8,"03-Dec-1994 08:00:00"
-2,0.3,1994,9,1.8,"03-Dec-1994 09:00:00"
-1,1,1994,10,1.5,"03-Dec-1994 10:00:00"
-0.7,2,1994,11,1.7,"03-Dec-1994 11:00:00"
-0.3,3,1994,12,1.3,"03-Dec-1994 12:00:00"
0,4,1994,13,1.1,"03-Dec-1994 13:00:00"
0.3,3.3,1994,14,1.1,"03-Dec-1994 14:00:00"
0.7,2.7,1994,15,1,"03-Dec-1994 15:00:00"
1,2,1994,16,1.7,"03-Dec-1994 16:00:00"
1,2,1994,17,2.3,"03-Dec-1994 17:00:00"
1,2,1994,18,2.4,"03-Dec-1994 18:00:00"
1,2,1994,19,2.8,"03-Dec-1994 19:00:00"
1,2.3,1994,20,3.2,"03-Dec-1994 20:00:00"
1,2.7,1994,21,3.3,"03-Dec-1994 21:00:00"
1,3,1994,22,3.6,"03-Dec-1994 22:00:00"
1,3,1994,23,3.7,"03-Dec-1994 23:00:00"
1,3,1994,0,3.8,"04-Dec-1994 00:00:00"
1,3,1994,1,3.6,"04-Dec-1994 01:00:00"
1.3,3.3,1994,2,4.1,"04-Dec-1994 02:00:00"
1.7,3.7,1994,3,5.4,"04-Dec-1994 03:00:00"
2,4,1994,4,6.2,"04-Dec-1994 04:00:00"
2,4,1994,5,6.5,"04-Dec-1994 05:00:00"
2,4,1994,6,6.7,"04-Dec-1994 06:00:00"
2,4,1994,7,6.9,"04-Dec-1994 07:00:00"
2.3,3.7,1994,8,7.2,"04-Dec-1994 08:00:00"
2.7,3.3,1994,9,7.2,"04-Dec-1994 09:00:00"
3,3,1994,10,7.3,"04-Dec-1994 10:00:00"
3.7,4.7,1994,11,7.1,"04-Dec-1994 11:00:00"
4.3,6.3,1994,12,7.1,"04-Dec-1994 12:00:00"
5,8,1994,13,6.9,"04-Dec-1994 13:00:00"
4.7,7.7,1994,14,6.5,"04-Dec-1994 14:00:00"
4.3,7.3,1994,15,6.2,"04-Dec-1994 15:00:00"
4,7,1994,16,6.2,"04-Dec-1994 16:00:00"
4,6.7,1994,17,6.4,"04-Dec-1994 17:00:00"
4,6.3,1994,18,6.3,"04-Dec-1994 18:00:00"
4,6,1994,19,6.3,"04-Dec-1994 19:00:00"
3.7,5.7,1994,20,6.3,"04-Dec-1994 20:00:00"
3.3,5.3,1994,21,6.3,"04-Dec-1994 21:00:00"
3,5,1994,22,6.8,"04-Dec-1994 22:00:00"
3,5,1994,23,7.2,"04-Dec-1994 23:00:00"
3,5,1994,0,7.6,"05-Dec-1994 00:00:00"
3,5,1994,1,7.7,"05-Dec-1994 01:00:00"
2.7,5,1994,2,7.3,"05-Dec-1994 02:00:00"
2.3,5,1994,3,7.6,"05-Dec-1994 03:00:00"
2,5,1994,4,7.6,"05-Dec-1994 04:00:00"
2.3,5.3,1994,5,7.5,"05-Dec-1994 05:00:00"
2.7,5.7,1994,6,7.3,"05-Dec-1994 06:00:00"
3,6,1994,7,7.2,"05-Dec-1994 07:00:00"
3.3,6.3,1994,8,7.4,"05-Dec-1994 08:00:00"
3.7,6.7,1994,9,7.8,"05-Dec-1994 09:00:00"
4,7,1994,10,8.3,"05-Dec-1994 10:00:00"
5,7.3,1994,11,8.3,"05-Dec-1994 11:00:00"
6,7.7,1994,12,8.1,"05-Dec-1994 12:00:00"
7,8,1994,13,7.9,"05-Dec-1994 13:00:00"
7,8,1994,14,7.6,"05-Dec-1994 14:00:00"
7,8,1994,15,7.2,"05-Dec-1994 15:00:00"
7,8,1994,16,7,"05-Dec-1994 16:00:00"
6.3,7.7,1994,17,7,"05-Dec-1994 17:00:00"
5.7,7.3,1994,18,6.8,"05-Dec-1994 18:00:00"
5,7,1994,19,6.6,"05-Dec-1994 19:00:00"
4.3,6.7,1994,20,6.3,"05-Dec-1994 20:00:00"
3.7,6.3,1994,21,6.1,"05-Dec-1994 21:00:00"
3,6,1994,22,5.9,"05-Dec-1994 22:00:00"
3,5.7,1994,23,6.15,"05-Dec-1994 23:00:00"
3,5.3,1994,0,6.4,"06-Dec-1994 00:00:00"
3,5,1994,1,6.3,"06-Dec-1994 01:00:00"
3,5,1994,2,5.6,"06-Dec-1994 02:00:00"
3,5,1994,3,5.6,"06-Dec-1994 03:00:00"
3,5,1994,4,5.9,"06-Dec-1994 04:00:00"
3,5.3,1994,5,5.6,"06-Dec-1994 05:00:00"
3,5.7,1994,6,5.9,"06-Dec-1994 06:00:00"
3,6,1994,7,6,"06-Dec-1994 07:00:00"
3.3,6.3,1994,8,6.5,"06-Dec-1994 08:00:00"
3.7,6.7,1994,9,7,"06-Dec-1994 09:00:00"
4,7,1994,10,7.2,"06-Dec-1994 10:00:00"
4.7,7.3,1994,11,7,"06-Dec-1994 11:00:00"
5.3,7.7,1994,12,7.1,"06-Dec-1994 12:00:00"
6,8,1994,13,6.3,"06-Dec-1994 13:00:00"
6,8,1994,14,6.1,"06-Dec-1994 14:00:00"
6,8,1994,15,5.9,"06-Dec-1994 15:00:00"
6,8,1994,16,5.5,"06-Dec-1994 16:00:00"
5.3,7.7,1994,17,5.4,"06-Dec-1994 17:00:00"
4.7,7.3,1994,18,5.2,"06-Dec-1994 18:00:00"
4,7,1994,19,5,"06-Dec-1994 19:00:00"
3.3,6.7,1994,20,4.8,"06-Dec-1994 20:00:00"
2.7,6.3,1994,21,4.7,"06-Dec-1994 21:00:00"
2,6,1994,22,4.3,"06-Dec-1994 22:00:00"
1.3,5.3,1994,23,4.25,"06-Dec-1994 23:00:00"
0.7,4.7,1994,0,4.2,"07-Dec-1994 00:00:00"
0,4,1994,1,4.1,"07-Dec-1994 01:00:00"
-0.3,3.7,1994,2,4.3,"07-Dec-1994 02:00:00"
-0.7,3.3,1994,3,3.9,"07-Dec-1994 03:00:00"
-1,3,1994,4,3.7,"07-Dec-1994 04:00:00"
-1,3,1994,5,3.4,"07-Dec-1994 05:00:00"
-1,3,1994,6,4,"07-Dec-1994 06:00:00"
-1,3,1994,7,4.1,"07-Dec-1994 07:00:00"
0,3.3,1994,8,4,"07-Dec-1994 08:00:00"
1,3.7,1994,9,4.1,"07-Dec-1994 09:00:00"
2,4,1994,10,4.5,"07-Dec-1994 10:00:00"
3,4.7,1994,11,4.8,"07-Dec-1994 11:00:00"
4,5.3,1994,12,4.7,"07-Dec-1994 12:00:00"
5,6,1994,13,4.8,"07-Dec-1994 13:00:00"
5,6,1994,14,4.2,"07-Dec-1994 14:00:00"
5,6,1994,15,3.9,"07-Dec-1994 15:00:00"
5,6,1994,16,4.5,"07-Dec-1994 16:00:00"
4.3,5.7,1994,17,4.5,"07-Dec-1994 17:00:00"
3.7,5.3,1994,18,4.7,"07-Dec-1994 18:00:00"
3,5,1994,19,4.8,"07-Dec-1994 19:00:00"
2.7,4.3,1994,20,4.7,"07-Dec-1994 20:00:00"
2.3,3.7,1994,21,4.9,"07-Dec-1994 21:00:00"
2,3,1994,22,5.2,"07-Dec-1994 22:00:00"
2.3,3.3,1994,23,5.2,"07-Dec-1994 23:00:00"
2.7,3.7,1994,0,5.2,"08-Dec-1994 00:00:00"
3,4,1994,1,5.3,"08-Dec-1994 01:00:00"
3,4,1994,2,5.4,"08-Dec-1994 02:00:00"
3,4,1994,3,5.6,"08-Dec-1994 03:00:00"
3,4,1994,4,5.7,"08-Dec-1994 04:00:00"
3,4.3,1994,5,6,"08-Dec-1994 05:00:00"
3,4.7,1994,6,6,"08-Dec-1994 06:00:00"
3,5,1994,7,5.7,"08-Dec-1994 07:00:00"
3.3,5,1994,8,5.9,"08-Dec-1994 08:00:00"
3.7,5,1994,9,5.9,"08-Dec-1994 09:00:00"
4,5,1994,10,6,"08-Dec-1994 10:00:00"
4.3,5.3,1994,11,5.9,"08-Dec-1994 11:00:00"
4.7,5.7,1994,12,5.8,"08-Dec-1994 12:00:00"
5,6,1994,13,5.8,"08-Dec-1994 13:00:00"
5,6,1994,14,6.1,"08-Dec-1994 14:00:00"
5,6,1994,15,6.4,"08-Dec-1994 15:00:00"
5,6,1994,16,6.3,"08-Dec-1994 16:00:00"
4.7,5.7,1994,17,6,"08-Dec-1994 17:00:00"
4.3,5.3,1994,18,5.9,"08-Dec-1994 18:00:00"
4,5,1994,19,6.1,"08-Dec-1994 19:00:00"
4,5,1994,20,6,"08-Dec-1994 20:00:00"
4,5,1994,21,6.3,"08-Dec-1994 21:00:00"
4,5,1994,22,6.4,"08-Dec-1994 22:00:00"
4,5,1994,23,6.5,"08-Dec-1994 23:00:00"
4,5,1994,0,6.6,"09-Dec-1994 00:00:00"
4,5,1994,1,6.7,"09-Dec-1994 01:00:00"
4,5,1994,2,6.9,"09-Dec-1994 02:00:00"
4,5,1994,3,6.9,"09-Dec-1994 03:00:00"
4,5,1994,4,6.9,"09-Dec-1994 04:00:00"
4,5,1994,5,6.9,"09-Dec-1994 05:00:00"
4,5,1994,6,6.8,"09-Dec-1994 06:00:00"
4,5,1994,7,6.7,"09-Dec-1994 07:00:00"
4,5,1994,8,6.8,"09-Dec-1994 08:00:00"
4,5,1994,9,6.3,"09-Dec-1994 09:00:00"
4,5,1994,10,5.7,"09-Dec-1994 10:00:00"
4.7,6,1994,11,5.5,"09-Dec-1994 11:00:00"
5.3,7,1994,12,5.8,"09-Dec-1994 12:00:00"
6,8,1994,13,5.9,"09-Dec-1994 13:00:00"
6,7.7,1994,14,5.6,"09-Dec-1994 14:00:00"
6,7.3,1994,15,5.1,"09-Dec-1994 15:00:00"
6,7,1994,16,5.8,"09-Dec-1994 16:00:00"
4.7,5.7,1994,17,6,"09-Dec-1994 17:00:00"
3.3,4.3,1994,18,6,"09-Dec-1994 18:00:00"
2,3,1994,19,5.5,"09-Dec-1994 19:00:00"
1.7,3,1994,20,5.9,"09-Dec-1994 20:00:00"
1.3,3,1994,21,5.2,"09-Dec-1994 21:00:00"
1,3,1994,22,4.7,"09-Dec-1994 22:00:00"
1,2.7,1994,23,4.3,"09-Dec-1994 23:00:00"
1,2.3,1994,0,3.9,"10-Dec-1994 00:00:00"
